username,tweetText,postTimeRaw,scrapeTime,tag,postTime,year,month,day
@somuensojai,ความภาคภูมิใจ!ของชีวิตนี้ตอนนี้ฮิ๋งงง เดะๆว่างๆทำเธรดรีวิววววนะคับ สำหรับเด็ก69มีอาไยถามได้เบย!!! เย้ #ธรรมศาสตร์ช้างเผือก #dek68,2025-05-06 07:54:17,2025-05-08 14:58:27.812905,ธรรมศาสตร์ช้างเผือก,2025-05-06 07:54:17,2025,5,6
@DEXCEM212,หาเพื่อนคั้บสาขานี้มีมั้ย #dek68 #มธ #ธรรมศาสตร์ช้างเผือก,2025-05-02 13:49:46,2025-05-08 14:58:27.812905,ธรรมศาสตร์ช้างเผือก,2025-05-02 13:49:46,2025,5,2
@jaeminjenfffy,Finally ติดมธแล้วนะคะ #ธรรมศาสตร์ช้างเผือก #dek68 #ทีมมธ,2025-05-02 02:40:31,2025-05-08 14:58:27.812905,ธรรมศาสตร์ช้างเผือก,2025-05-02 02:40:31,2025,5,2
@mankheuthe,ยินดีกับน้องๆที่ติดช้างเผือกทุกคนเลย #ธรรมศาสตร์ช้างเผือก,2025-05-01 16:33:41,2025-05-08 14:58:27.812905,ธรรมศาสตร์ช้างเผือก,2025-05-01 16:33:41,2025,5,1
@green_thai04,I got it  #ธรรมศาสตร์ช้างเผือก #dek68 #TU91,2025-05-01 11:48:04,2025-05-08 14:58:27.812905,ธรรมศาสตร์ช้างเผือก,2025-05-01 11:48:04,2025,5,1
@tatty07_5,"ยังจำความรู้สึกตอนยื่น สัมภาษณ์ เยี่ยมบ้านตอนร้องไห้เพราะกลัวคงามผิดหวังหรือเพราะดีใจไปเยอะมากๆวันนี้ทำสำเร็จแล้วตั้งตัวไม่ถูกเลย แต่สัญญากับทุกคนที่ภูมิใจในตัวเราไว้ว่าจะทำให้ดีที่สุด

#dek68 #ธรรมศาสตร์ช้างเผือก",2025-05-01 10:06:24,2025-05-08 14:58:27.812905,ธรรมศาสตร์ช้างเผือก,2025-05-01 10:06:24,2025,5,1
@Sundayyyyyy18,ภาคใต้มีใครโดนเยี่ยมบ้านแล้วบ้างคะ #ธรรมศาสตร์ช้างเผือก,2025-04-26 19:28:42,2025-05-08 14:58:27.812905,ธรรมศาสตร์ช้างเผือก,2025-04-26 19:28:42,2025,4,26
@102yhnml,วิศวะ ยังไม่โดนเยี่ยมบ้าน นี่ทำใจได้เลยใช่มั้ยครับ #ธรรมศาสตร์ช้างเผือก,2025-04-26 19:02:57,2025-05-08 14:58:27.812905,ธรรมศาสตร์ช้างเผือก,2025-04-26 19:02:57,2025,4,26
@MasterJang4856,ทุกคนคิดว่าไม่โดนเยี่ยมแต่มีสิทธิ์ติดนี่จริงมั้ย หรือใครมีรุ่นพี่ที่ไม่โดนเยี่ยมแต่ติดบ้าง #ธรรมศาสตร์ช้างเผือก,2025-04-15 13:26:05,2025-05-08 14:58:27.812905,ธรรมศาสตร์ช้างเผือก,2025-04-15 13:26:05,2025,4,15
@mellow3to3,วิศวะโยธามีใครโดนเยี่ยมบ้านยังคะ #ธรรมศาสตร์ช้างเผือก,2025-04-10 01:49:27,2025-05-08 14:58:27.812905,ธรรมศาสตร์ช้างเผือก,2025-04-10 01:49:27,2025,4,10
@20_4_2020,รัฐศาสตร์มีใครโดนเยี่ยมบ้านยังคะ #ธรรมศาสตร์ช้างเผือก,2025-03-25 06:03:07,2025-05-08 14:58:27.812905,ธรรมศาสตร์ช้างเผือก,2025-03-25 06:03:07,2025,3,25
@jescoia,บริหารมีใครโดนเยี่ยมแล้วบ้างไหมคับ #ธรรมศาสตร์ช้างเผือก,2025-03-24 09:43:08,2025-05-08 14:58:27.812905,ธรรมศาสตร์ช้างเผือก,2025-03-24 09:43:08,2025,3,24
@green_thai04,สอบถามคนที่ติดสัมโครงการนักเรียนสามจังหวัดหน่อยค่ะ ตอนนี้กรรมการเริ่มลงพื้นที่รึยังคะ #ธรรมศาสตร์ช้างเผือก #มธ #ธรรมศาสตร์ #นักเรียนสามจังหวัดชายแดนใต้,2025-03-24 09:01:47,2025-05-08 14:58:27.812905,ธรรมศาสตร์ช้างเผือก,2025-03-24 09:01:47,2025,3,24
@TnpwoT,"ขออนุญาตสอบถามเพื่อนๆที่ลงโครงการธรรมศาสตร์ช้างเผือก มีใครถูกเยี่ยมบ้านยังคะ เราคณะพาณิชยศาสตร์และการบัญชี 
#ธรรมศาสตร์ช้างเผือก",2025-03-24 04:12:57,2025-05-08 14:58:27.812905,ธรรมศาสตร์ช้างเผือก,2025-03-24 04:12:57,2025,3,24
@cigarettegfilm,มีใครลงคณะวิศวะแล้วโดนเยี่ยมบ้านไปแล้วมั้ยคะะ #ธรรมศาสตร์ช้างเผือก,2025-03-23 06:55:27,2025-05-08 14:58:27.812905,ธรรมศาสตร์ช้างเผือก,2025-03-23 06:55:27,2025,3,23
@synth3tic_,อยากรู้ว่ากรรมการเริ่มเยี่ยมบ้านหรือยังคะ  #ธรรมศาสตร์ช้างเผือก,2025-03-18 04:05:21,2025-05-08 14:58:27.812905,ธรรมศาสตร์ช้างเผือก,2025-03-18 04:05:21,2025,3,18
@mini_cuteJP,"สอบถามหน่อยคับ เราสมัครโควต้าช้างเผือกไปแต่ไม่ติดสัม เราสามารถสมัครโควต้าโครงการอื่นได้อยู่มั้ยคะ หรือรอรอบ3เลยหรอคะ
#ธรรมศาสตร์ช้างเผือก #มหาวิทยาลัยธรรมศาสตร์  #มธ #dek68",2025-03-01 09:40:19,2025-05-08 14:58:27.812905,ธรรมศาสตร์ช้างเผือก,2025-03-01 09:40:19,2025,3,1
@20_4_2020,สรุปมีกี่สัมม งงไปหมดละ  #ธรรมศาสตร์ช้างเผือก,2025-02-27 10:17:39,2025-05-08 14:58:27.812905,ธรรมศาสตร์ช้างเผือก,2025-02-27 10:17:39,2025,2,27
@becofuit,birth but w/ dek68 #ธรรมศาสตร์ช้างเผือก,2025-02-27 02:52:24,2025-05-08 14:58:27.812905,ธรรมศาสตร์ช้างเผือก,2025-02-27 02:52:24,2025,2,27
@rolcnen_789,สรุปประกาศทางไหนมีใครรู้บ้างงคะะ #ธรรมศาสตร์ช้างเผือก,2025-02-27 01:28:05,2025-05-08 14:58:27.812905,ธรรมศาสตร์ช้างเผือก,2025-02-27 01:28:05,2025,2,27
@darlilenee,สรุปคือไม่มีประกาศผ่านสัมรอบนี้ใช่มั้ยคะ ใครผ่านรอเยี่ยมบ้าน ส่วนคนไม่ผ่านก็  #ธรรมศาสตร์ช้างเผือก,2025-02-26 10:37:04,2025-05-08 14:58:27.812905,ธรรมศาสตร์ช้างเผือก,2025-02-26 10:37:04,2025,2,26
@Normally6969,ได้ TGAT ประมาณเท่าไหร่กันหรอครับ ทั้งรุ่นนี้รุ่นก่อนเลยครับ เผื่อเป็นแนวทางให้รุ่นน้องแบบผมครับ  #ธรรมศาสตร์ช้างเผือก #ธรรมศาสตร์,2025-02-24 20:45:21,2025-05-08 14:58:27.812905,ธรรมศาสตร์ช้างเผือก,2025-02-24 20:45:21,2025,2,24
@domzy098,"ฝากถึงคนที่กำลังส่งโครงการ #ธรรมศาสตร์ช้างเผือก ในอนาคตจาก Dek68 คือถ้าสมัครศิลปศาสตร์แล้วคะแนนทีแกทน้อยกว่า65ไม่ควรหวังนะเพราะผมไม่ติดไม่คุ้มเสี่ยงเป็นความหวังดี ปีผมมีคนสมัครเกือบ400รับประมาณ30เอาเปนว่าหวังรอบ1นะถ้าทีแกทไม่ถึง65 ขอให้คนในอนาคตโชคดีครับ
#มธช้างเผือก",2025-02-24 12:32:21,2025-05-08 14:58:27.812905,ธรรมศาสตร์ช้างเผือก,2025-02-24 12:32:21,2025,2,24
@_yxungwxnmin,ช้างเผือกนี่มีสัมกี่รอบเหรอครับ #ธรรมศาสตร์ช้างเผือก,2025-02-23 13:46:56,2025-05-08 14:58:27.812905,ธรรมศาสตร์ช้างเผือก,2025-02-23 13:46:56,2025,2,23
@_yxungwxnmin,สติหลุด #ธรรมศาสตร์ช้างเผือก,2025-02-22 17:12:38,2025-05-08 14:58:27.812905,ธรรมศาสตร์ช้างเผือก,2025-02-22 17:12:38,2025,2,22
@sIiors,ทุกคนสัมเสร็จแล้วเป็นยังไงบ้างคะ เราเหมือนสติจะหลุด #ธรรมศาสตร์ช้างเผือก,2025-02-22 08:33:29,2025-05-08 14:58:27.812905,ธรรมศาสตร์ช้างเผือก,2025-02-22 08:33:29,2025,2,22
@paipaicandoit,ปรึกษาได้นะใครมีเรื่องสงสัย พร้อมให้คำปรึกษา เต็มใจช่วยมาก เด็ก90คั้บ  #ธรรมศาสตร์ช้างเผือก,2025-02-22 08:29:06,2025-05-08 14:58:27.812905,ธรรมศาสตร์ช้างเผือก,2025-02-22 08:29:06,2025,2,22
@MasterJang4856,พวกเรา #dek68 ช่วยกันแชร์คำถามสัมภาษณ์แต่ละคณะ/สาขา ให้รุ่นต่อไปกันมั้ยครับ  #ธรรมศาสตร์ช้างเผือก,2025-02-22 05:13:51,2025-05-08 14:58:27.812905,ธรรมศาสตร์ช้างเผือก,2025-02-22 05:13:51,2025,2,22
@Gyu0paraside,สัมพยาบาลพูดไม่เรื่อง ลิ้นพัน ที่เตรียมมาหายวับไปในหัว เอาเถอะ มอท่อรักหนูเถอะนะคะ #ธรรมศาสตร์ช้างเผือก,2025-02-22 04:49:07,2025-05-08 14:58:27.812905,ธรรมศาสตร์ช้างเผือก,2025-02-22 04:49:07,2025,2,22
@becofuit,อาจารย์ถาม 5 ตอบได้ 0.1 #ธรรมศาสตร์ช้างเผือก,2025-02-22 04:33:40,2025-05-08 14:58:27.812905,ธรรมศาสตร์ช้างเผือก,2025-02-22 04:33:40,2025,2,22
@simmamax,สัมไวมากมีโอกาสติดมั้ยคะ #ธรรมศาสตร์ช้างเผือก,2025-02-22 04:08:14,2025-05-08 14:58:27.812905,ธรรมศาสตร์ช้างเผือก,2025-02-22 04:08:14,2025,2,22
@tatty07_5,"บนๆถ้าติดตัวจริงจะมาแชร์ตั้งแต่ขั้นแรก (โดยเฉพาะการสัมศิลปศาสตร์มันหายากแท้)
 #dek68 #dek69  #ธรรมศาสตร์ช้างเผือก",2025-02-22 03:13:16,2025-05-08 14:58:27.812905,ธรรมศาสตร์ช้างเผือก,2025-02-22 03:13:16,2025,2,22
@torkorlatte,#ธรรมศาสตร์ช้างเผือก หาเพื่อนค่ะ,2025-02-20 15:29:12,2025-05-08 14:58:27.812905,ธรรมศาสตร์ช้างเผือก,2025-02-20 15:29:12,2025,2,20
@Sundayyyyyy18,มีใครมีแนวทางสัม นิติ มธ บ้างคะ มืดสิบแปดสิบเก้าด้านเลยค่ะ #ธรรมศาสตร์ช้างเผือก,2025-02-20 12:13:45,2025-05-08 14:58:27.812905,ธรรมศาสตร์ช้างเผือก,2025-02-20 12:13:45,2025,2,20
@iamtobemy05,ใครมีแนวทางการสัมภาษณ์นิติศาสตร์ มธ.ไหมคะ #ธรรมศาสตร์ช้างเผือก,2025-02-20 06:35:26,2025-05-08 14:58:27.812905,ธรรมศาสตร์ช้างเผือก,2025-02-20 06:35:26,2025,2,20
@lostbubbe,"สวัสดีค่า พี่เป็นตัวแทนจากนางฟ้าเจซีช้างเผือกที่ติดตัวจริงนะคะ พอดีมรแพลนกับเพื่อนๆว่าจะจัดกิจกรรมแนะแนวสัมภาษณ์ให้น้อง จอยๆปล่อยใจเฉพาะเด็กคณะวารสารค่ะ ใครสนใจเข้ามาคุยจอยๆปรึกษากันได้น้า 
#ธรรมศาสตร์ช้างเผือก #ช้างเผือกมธ #วารสารมธ #โครงการช้างเผือก",2025-02-20 05:19:04,2025-05-08 14:58:27.812905,ธรรมศาสตร์ช้างเผือก,2025-02-20 05:19:04,2025,2,20
@Badtitude06,เอาเถอะเด็กที่เคยไปเที่ยวเยอรมนีทุกปิดเทอม พ่อเลี้ยงเป็นคนเยอรมัน ใช้ airpods max ฉ่ำ แต่ติดสัม #ธรรมศาสตร์ช้างเผือก #โควต้าธรรมศาาตร์ #tcas68 #dek68,2025-02-20 01:52:08,2025-05-08 14:58:27.812905,ธรรมศาสตร์ช้างเผือก,2025-02-20 01:52:08,2025,2,20
@_yxungwxnmin,หาเพื่อนครับ นิติ #ธรรมศาสตร์ช้างเผือก,2025-02-19 12:43:49,2025-05-08 14:58:27.812905,ธรรมศาสตร์ช้างเผือก,2025-02-19 12:43:49,2025,2,19
@Sundayyyyyy18,มีกลุ่มopenchat นิติ68 สำหรับเตรียมตัวสัมมั้ยคะ #ธรรมศาสตร์ช้างเผือก,2025-02-19 11:30:44,2025-05-08 14:58:27.812905,ธรรมศาสตร์ช้างเผือก,2025-02-19 11:30:44,2025,2,19
@XXVIIGXM,"สาวมธ is coming  
#ธรรมศาสตร์ช้างเผือก",2025-02-19 09:14:50,2025-05-08 14:58:27.812905,ธรรมศาสตร์ช้างเผือก,2025-02-19 09:14:50,2025,2,19
@Saly_abc,ใครมีแนวทางการสัมภาษณ์ คณะนิติศาสตร์บ้างคะ #ธรรมศาสตร์ช้างเผือก,2025-02-19 08:53:39,2025-05-08 14:58:27.812905,ธรรมศาสตร์ช้างเผือก,2025-02-19 08:53:39,2025,2,19
@20_4_2020,รุ่นพี่มีแนวการสัมภาษณ์มั้ยคะ #ธรรมศาสตร์ช้างเผือก #dek68  #dek67,2025-02-19 06:13:55,2025-05-08 14:58:27.812905,ธรรมศาสตร์ช้างเผือก,2025-02-19 06:13:55,2025,2,19
@yeepunboy26,ขอแค่ติดตัวจริง วารสารให้หนูได้มั้ย  #ธรรมศาสตร์ช้างเผือก,2025-02-19 06:13:48,2025-05-08 14:58:27.812905,ธรรมศาสตร์ช้างเผือก,2025-02-19 06:13:48,2025,2,19
@nunew_nuna,อยากถามคนติดสัมโครงการ #ธรรมศาสตร์ช้างเผือก ส่วนใหญ่ได้คะแนน tgat กันเท่าไรคะ,2025-02-19 05:39:17,2025-05-08 14:58:27.812905,ธรรมศาสตร์ช้างเผือก,2025-02-19 05:39:17,2025,2,19
@hausoffanq,มหาลัยก็ไม่ติด คอนเสิร์ตก็ไม่ได้ไปนอยๆๆๆๆ #ธรรมศาสตร์ช้างเผือก,2025-02-19 05:17:46,2025-05-08 14:58:27.812905,ธรรมศาสตร์ช้างเผือก,2025-02-19 05:17:46,2025,2,19
·,หาเพื่อนบัญชีค้าบ #ธรรมศาสตร์ช้างเผือก,2025-02-19 04:28:24,2025-05-08 14:58:27.812905,ธรรมศาสตร์ช้างเผือก,2025-02-19 04:28:24,2025,2,19
@bpp1312,ลูกพ่ายแล้วแม่จ๋า #ธรรมศาสตร์ช้างเผือก,2025-02-19 04:19:20,2025-05-08 14:58:27.812905,ธรรมศาสตร์ช้างเผือก,2025-02-19 04:19:20,2025,2,19
@Coobbw,"ติดสอบสัมมม หาเพื่อนเมคเฟรนค่ะ
#ธรรมศาสตร์ #ธรรมศาสตร์ช้างเผือก",2025-02-19 03:19:34,2025-05-08 14:58:27.812905,ธรรมศาสตร์ช้างเผือก,2025-02-19 03:19:34,2025,2,19
·,หาเพื่อนค้าบ#ธรรมศาสตร์ช้างเผือก,2025-02-19 03:14:55,2025-05-08 14:58:27.812905,ธรรมศาสตร์ช้างเผือก,2025-02-19 03:14:55,2025,2,19
@hisaehae,สิงห์แดง calling  #ธรรมศาสตร์ช้างเผือก,2025-02-19 02:39:41,2025-05-08 14:58:27.812905,ธรรมศาสตร์ช้างเผือก,2025-02-19 02:39:41,2025,2,19
@hozqr,ระเบิด #ธรรมศาสตร์ช้างเผือก,2025-02-19 02:28:22,2025-05-08 14:58:27.812905,ธรรมศาสตร์ช้างเผือก,2025-02-19 02:28:22,2025,2,19
@iamtobemy05,ฮรือออ  #ธรรมศาสตร์ช้างเผือก,2025-02-19 01:51:47,2025-05-08 14:58:27.812905,ธรรมศาสตร์ช้างเผือก,2025-02-19 01:51:47,2025,2,19
@_Xercesblu3,มีใครติดสหเวชไหมคะ  อยากทราบคะแนน #ธรรมศาสตร์ช้างเผือก,2025-02-19 01:22:55,2025-05-08 14:58:27.812905,ธรรมศาสตร์ช้างเผือก,2025-02-19 01:22:55,2025,2,19
@jaeminjenfffy,#ธรรมศาสตร์ช้างเผือก,2025-02-19 01:20:45,2025-05-08 14:58:27.812905,ธรรมศาสตร์ช้างเผือก,2025-02-19 01:20:45,2025,2,19
@gorgaisuh,หลานพ่ายแล้ว #ธรรมศาสตร์ช้างเผือก,2025-02-19 00:59:43,2025-05-08 14:58:27.812905,ธรรมศาสตร์ช้างเผือก,2025-02-19 00:59:43,2025,2,19
@hottestgeminixx,มีใครติดธรรมศาสตร์ช้างเผือกรอบสัมบ้างคะ เราขอดูสถิติหน่อยยย (หรือดูจำนวนคนผ่านได้ที่ไหน รบกวนเมนชั่นบอกเราทีค่ะ) #ธรรมศาสตร์ช้างเผือก,2025-02-19 00:47:59,2025-05-08 14:58:27.812905,ธรรมศาสตร์ช้างเผือก,2025-02-19 00:47:59,2025,2,19
@simmamax,นิติมธ.มาเถอะ #ธรรมศาสตร์ช้างเผือก,2025-02-19 00:44:48,2025-05-08 14:58:27.812905,ธรรมศาสตร์ช้างเผือก,2025-02-19 00:44:48,2025,2,19
@liuthida,ไปต่อรอบสามม#ธรรมศาสตร์ช้างเผือก,2025-02-19 00:22:09,2025-05-08 14:58:27.812905,ธรรมศาสตร์ช้างเผือก,2025-02-19 00:22:09,2025,2,19
@oraphin2006,มีรุ่นพี่ที่ติดสัมสหเวชมั้ยคะ อยากรู้จังเลยค่ะว่าอาจารย์สุมประมาณไหน (ซ้อมๆฟ) #ธรรมศาสตร์ช้างเผือก,2025-01-26 08:00:16,2025-05-08 14:58:27.812905,ธรรมศาสตร์ช้างเผือก,2025-01-26 08:00:16,2025,1,26
@pungmaihwai,วารสารมีใครได้สัม #ธรรมศาสตร์ช้างเผือก บ้างคับ มาอวดกันหน่อยได้ม้าย,2025-02-19 00:25:06,2025-05-08 14:58:27.812905,ธรรมศาสตร์ช้างเผือก,2025-02-19 00:25:06,2025,2,19
@woodsdivinity,"ใครได้สัมบ้างคะ ยินดีด้วยน้าาา นี่อยากรู้เก่งขนาดไหนน้อ มาอวดได้นะคะ อย่างน้อยเห็นคนที่ติดจะได้เลิกนอย 
#ธรรมศาสตร์ช้างเผือก",2025-02-18 23:58:01,2025-05-08 14:58:27.812905,ธรรมศาสตร์ช้างเผือก,2025-02-18 23:58:01,2025,2,18
@yxnxpha,"เศร้าซึมแต่เช้า แล้ววันนี้มีสอบปลายภาคด้วย ชีวิต 
เจอกันใหม่นะธรรมศาสตร์รอบ 3 
#ธรรมศาสตร์ช้างเผือก",2025-02-18 23:52:49,2025-05-08 14:58:27.812905,ธรรมศาสตร์ช้างเผือก,2025-02-18 23:52:49,2025,2,18
@itsmsnbeardw,มีกลุ่มไลน์สำหรับวิศวะมั้ยคะะ อยากเอาไว้ตามข่าวสาร #ธรรมศาสตร์ช้างเผือก #มธ #dek68,2025-02-18 23:49:53,2025-05-08 14:58:27.812905,ธรรมศาสตร์ช้างเผือก,2025-02-18 23:49:53,2025,2,18
@Na_rakxx,"ยินดีกับทุกคนที่ติดสัมภาษณ์ด้วยนะคะ 
เราไม่ติด  #ธรรมศาสตร์ช้างเผือก",2025-02-18 23:38:08,2025-05-08 14:58:27.812905,ธรรมศาสตร์ช้างเผือก,2025-02-18 23:38:08,2025,2,18
@sFERNp,ถ้าพรุ่งนี้มีชื่อติดสัมภาษณ์ แล้วประกาศติดตัวจริง จะมาเล่าเกี่ยวกับแนวทางการกรอกเอกสาร การสัมภาษณ์ ขอให้มธ.ใจดีกับหนูหน่อยน้า#ธรรมศาสตร์ช้างเผือก,2025-02-18 13:56:20,2025-05-08 14:58:27.812905,ธรรมศาสตร์ช้างเผือก,2025-02-18 13:56:20,2025,2,18
@pungmaihwai,หนูไม่ติด  #ธรรมศาสตร์ช้างเผือก,2025-02-19 00:22:41,2025-05-08 14:58:27.812905,ธรรมศาสตร์ช้างเผือก,2025-02-19 00:22:41,2025,2,19
@yxnxpha,"ก็คือตื่นเต้นนะ แบบพูดไม่ถูกกก
#ธรรมศาสตร์ช้างเผือก",2025-02-18 12:57:27,2025-05-08 14:58:27.812905,ธรรมศาสตร์ช้างเผือก,2025-02-18 12:57:27,2025,2,18
@gummyy_pipo,ใบปริญญาแห่งความภาคภูมิใจ ของบัณฑิตทุกคน  #ธรรมศาสตร์ช้างเผือก,2025-02-17 08:00:04,2025-05-08 14:58:27.812905,ธรรมศาสตร์ช้างเผือก,2025-02-17 08:00:04,2025,2,17
@oraphin2006,มีรุ่นพี่คนไหนยื่นสเวชมั้ยคะ อยากสอบถาม #ธรรมศาสตร์ช้างเผือก,2025-02-15 14:57:53,2025-05-08 14:58:27.812905,ธรรมศาสตร์ช้างเผือก,2025-02-15 14:57:53,2025,2,15
@xbonejay,ใครที่อยากถามเรื่อง #ช้างเผือกมธ เดมมาถามได้คับ ปีที่แล้วนี่ยื่นคณะวิท สาขาเคมีไป แต่สาขาอื่นก็มาถามได้เด้อ เค้าผ่านเข้าไปถึงรอบสุดท้ายเลย ig : j4yfa #ธรรมศาสตร์ช้างเผือก #ช้างเผือกธรรมศาสตร์,2025-02-14 03:31:56,2025-05-08 14:58:27.812905,ธรรมศาสตร์ช้างเผือก,2025-02-14 03:31:56,2025,2,14
@badlifealldatam,ขอสอบถามรุ่นพี่คับ จริงไหมคับที่ทางคุณครูแนะแนวที่ส่งรายชื่อเราไปจะรู้ว่าเราติดหรือไม่ติดสัมภาษณ์จากทางมหาลัยก่อนที่เขาจะประกาศลงระบบ #dek68 #ธรรมศาสตร์ช้างเผือก,2025-02-09 11:44:20,2025-05-08 14:58:27.812905,ธรรมศาสตร์ช้างเผือก,2025-02-09 11:44:20,2025,2,9
@lalalala1006,สอบถาม ปรึกษาได้นะคับ เราtu90 คับ ยินดีช่วยม้ากมาก #ธรรมศาสตร์ช้างเผือก,2025-02-06 17:03:51,2025-05-08 14:58:27.812905,ธรรมศาสตร์ช้างเผือก,2025-02-06 17:03:51,2025,2,6
@1pA5qO2rFAGRokr,ช้างเผือกมธ. ใบสมัครเขียนค่อนข้างเละเลยครับ จะพอมีโอกาศติดสัมภาษณ์ไหม #ธรรมศาสตร์ช้างเผือก #dek68,2025-02-06 15:10:22,2025-05-08 14:58:27.812905,ธรรมศาสตร์ช้างเผือก,2025-02-06 15:10:22,2025,2,6
@tnwmosxq,"รัฐศาสตร์ gov คะแนน Tgat เท่าไหร่กันบ้างคะ
#ธรรมศาสตร์ช้างเผือก",2025-01-22 07:35:00,2025-05-08 14:58:27.812905,ธรรมศาสตร์ช้างเผือก,2025-01-22 07:35:00,2025,1,22
@NNEIX1,"สหเวชgatเท่าไหร่กันบ้างหรอคะ #ธรรมศาสตร์ช้างเผือก #มธ  #ธรรรมศาสตร์ 
#รังสิต คะแนนรุ่นพี่ก่อนๆก้ได้ค่ะ",2025-01-21 10:29:37,2025-05-08 14:58:27.812905,ธรรมศาสตร์ช้างเผือก,2025-01-21 10:29:37,2025,1,21
@oraphin2006,ไม่คิดว่าปีนี้คนจะยื่นเยอะขนาดนี้ หรือเป็นทุกปีคะ สู้ๆ #ธรรมศาสตร์ช้างเผือก,2025-01-20 14:19:37,2025-05-08 14:58:27.812905,ธรรมศาสตร์ช้างเผือก,2025-01-20 14:19:37,2025,1,20
@oraphin2006,ขอให้ทุกคนสมหวังกันนะคะ #ธรรมศาสตร์ช้างเผือก,2025-01-19 00:24:56,2025-05-08 14:58:27.812905,ธรรมศาสตร์ช้างเผือก,2025-01-19 00:24:56,2025,1,19
@pjom9030,สอบถามหน่อยนะคะㅠㅠ คือรอบนี้ตอนให้ทำใบสมัคร ต้องปริ้นมั้ยคะหรือว่าส่งแบบออนไลน์ได้ ใครรู้ช่วยตอบหน่อยนะคะㅠㅠ #ธรรมศาสตร์ช้างเผือก,2025-01-18 15:35:26,2025-05-08 14:58:27.812905,ธรรมศาสตร์ช้างเผือก,2025-01-18 15:35:26,2025,1,18
@12123cakemellow,เนื่องจากมีคนเดมมาถามเยอะมากขอซาวด์ check ถ้าเราจะทำไฟล์ แนวทางการทำพอร์ต ถ้าเยอะ 40 like ขึินไปจะมาทำค้าบ #ธรรมมศาสตร์ #ธรรมศาสตร์ช้างเผือก #มธ #DEK68 #มธรังสิต https://x.com/12123cakemello/12123cakemellow/status/1880083522083525102…,2025-01-17 07:48:27,2025-05-08 14:58:27.812905,ธรรมศาสตร์ช้างเผือก,2025-01-17 07:48:27,2025,1,17
@mumoox_,คะแนนtgatไม่ถึง60มีโอกาศติดรอบนี้มั้ยคะ #ธรรมศาสตร์ช้างเผือก,2025-01-16 19:20:33,2025-05-08 14:58:27.812905,ธรรมศาสตร์ช้างเผือก,2025-01-16 19:20:33,2025,1,16
@Fixm34567,แล้วถ้าพ่อกับแม่รวมกันได้เดือนละ40000x12=480000แต่ต้องจ้างลูกน้องเดือนละ18000x12=216000หักลบกันแล้วจะเหลือ264000อันนี้ถือว่าผ่านเกณฑ์มั้ยคะ #ธรรมศาสตร์ช้างเผือก,2025-01-16 14:16:28,2025-05-08 14:58:27.812905,ธรรมศาสตร์ช้างเผือก,2025-01-16 14:16:28,2025,1,16
@Fixm34567,อันนี้ถ้าจะเลือกสาขาภาษาอังกฤษไม่ต้องเขียนใช่มั้ยคะหรือเขียนไปเลย #ธรรมศาสตร์ช้างเผือก,2025-01-16 14:07:45,2025-05-08 14:58:27.812905,ธรรมศาสตร์ช้างเผือก,2025-01-16 14:07:45,2025,1,16
@babyybeb,ช่องนี้ต้องใส่พวกสำเนาต่างๆด้วยไหมคะ #ธรรมศาสตร์ช้างเผือก,2025-01-16 13:31:11,2025-05-08 14:58:27.812905,ธรรมศาสตร์ช้างเผือก,2025-01-16 13:31:11,2025,1,16
@oraphin2006,มีใครยื่นสหเวชศาสตร์มั้ยคะ เพื่อๆวาดแผนที่บ้านกันยังไงคะเรากลงทิศบ้านตัวเอง65555 #ธรรมศาสตร์ช้างเผือก,2025-01-16 13:11:58,2025-05-08 14:58:27.812905,ธรรมศาสตร์ช้างเผือก,2025-01-16 13:11:58,2025,1,16
@domzy098,"พอดีกำลังหารถานรุ่นพี่ปีก่อนๆให้ข้อมูลเกี่ยวกับ โครงการนี้หน่อยครับ 
ปล.ผมส่งศิลปศาสตร์นะครับ แต่อยากถามพี่คณะไหนๆก้ได้ครับ
#ช้างเผือกมธ #ธรรมศาสตร์ช้างเผือก",2025-01-16 04:08:21,2025-05-08 14:58:27.812905,ธรรมศาสตร์ช้างเผือก,2025-01-16 04:08:21,2025,1,16
@yxnxpha,"สอบถามพี่ ๆ คั้บบ 
นิติมธ.รอบ2นี้การแข่งขันสูงมั้ยคะ คะแนนTGAT หนูได้ไม่ค่อยเยอะเลยค่ะ 
#ธรรมศาสตร์ช้างเผือก #นิติมธ #dek68",2025-01-14 16:04:43,2025-05-08 14:58:27.812905,ธรรมศาสตร์ช้างเผือก,2025-01-14 16:04:43,2025,1,14
@PrakhxngThiti,"ขออนุญาตสอบถามค่ะ เกี่ยวกับรอบ 2 มธ
ว่าเค้าเช็คอะไรบ้างคะ
ขอบคุณพี่ๆล่วงหน้าค่ะ
#มธ #ธรรมศาสตร์ช้างเผือก #ธรรมศาสตร์",2025-01-13 15:56:22,2025-05-08 14:58:27.812905,ธรรมศาสตร์ช้างเผือก,2025-01-13 15:56:22,2025,1,13
@Anuyada_2548,"หนูเป็นเด็ก68ค่ะ ฐานะทางบ้านไม่ค่อยดี ตอนนี้กำลังสมัครทุนโครงการธรรมศาสตร์ช้างเผือกอยู่ค่ะ พี่ๆ เพื่อนๆ อวยพรหนูด้วยนะคะ หรือใครมีบทสวดมนต์แปะไว้ได้นะคะ หนูอยากได้ทุนนี้จริงๆค่ะ
#dek68 #ธรรมศาสตร์ช้างเผือก #โครงการธรรมศาสตร์ช้างเผือก #มหาวิทยาลัยธรรมศาสตร์ #เด็ก68",2025-01-13 09:50:43,2025-05-08 14:58:27.812905,ธรรมศาสตร์ช้างเผือก,2025-01-13 09:50:43,2025,1,13
@cctw_4,"พี่ๆคะ หนูเป็นเด็ก68 มาขอกำลังใจค่ะ ปีนี้หนูยื่นโควตามหาวิทยาลัยธรรมศาสตร์ไป ช่วยอวยพรให้หนูติดโควตาธรรมศาสตร์ช้างเผือกด้วยนะคะ ขอขอบคุณพี่ๆทุกคนล่วงหน้าค่ะ#dek68 #ธรรมศาสตร์ช้างเผือก #โครงการธรรมศาสตร์ช้างเผือก
#มหาวิทยาลัยธรรมศาสตร์ #เด็ก68",2025-01-13 09:41:49,2025-05-08 14:58:27.812905,ธรรมศาสตร์ช้างเผือก,2025-01-13 09:41:49,2025,1,13
@Cake_1987_,"NAMEW Regular Fit Jeans กางเกงยีนส์ทรงปกติ
 https://s.shopee.co.th/8fBS6TSX7R

 https://s.lazada.co.th/s.IuqO2

#ทนายตั้ม #ทนายธรรมราช #ทนายพัช #โหนกระแส #เจ้มิ่ง #ธรรมศาสตร์ช้างเผือก",2024-11-26 14:12:25,2025-05-08 14:58:27.812905,ธรรมศาสตร์ช้างเผือก,2024-11-26 14:12:25,2024,11,26
@Cake_1987_,"กางเกงขาสั้นผ้ายีนส์ 8 บาท ใครยังไม่ได้ลุ้น 
ตอนนี้ยังทัน  พิกัด 
https://s.shopee.co.th/3fmm8zAQfj
#ทนายตั้ม #ทนายพัช #ธรรมศาสตร์ช้างเผือก",2024-11-26 14:07:00,2025-05-08 14:58:27.812905,ธรรมศาสตร์ช้างเผือก,2024-11-26 14:07:00,2024,11,26
@morsorstudy,มีใครพอทราบไหมคะ ว่าศิลป์รวมของ มธเรียนอะไรบ้างคะ #dek66 #dek67 #DEK68 #TU #ธรรมศาสตร์ช้างเผือก #TCAs #tcas68,2024-11-18 12:45:52,2025-05-08 14:58:27.812905,ธรรมศาสตร์ช้างเผือก,2024-11-18 12:45:52,2024,11,18
@eduzones,"รายละเอียดเบื้องต้น เกณฑ์คุณสมบัติ และกระบวนการคัดเลือก  โครงการธรรมศาสตร์ช้างเผือกและโครงการนักเรียนสามจังหวัดชายแดนภาคใต้ TCAS68 รอบที่ 2 (#Quota) ม.ธรรมศาสตร์
.
อ่านที่ : https://eduzones.com/2024/11/05/tuadmissions68-q/…

#TCAS68 #TU68 #TU_TCAS68 #ธรรมศาสตร์ช้างเผือก #dek68 #TCASรอบที่2",2024-11-05 09:36:00,2025-05-08 14:58:27.812905,ธรรมศาสตร์ช้างเผือก,2024-11-05 09:36:00,2024,11,5
@smilem06,มีทุกปีไหมคะโควต้าธรรมศาสตร์ช้างเผือก #ธรรมศาสตร์ช้างเผือก,2024-10-21 11:05:23,2025-05-08 14:58:27.812905,ธรรมศาสตร์ช้างเผือก,2024-10-21 11:05:23,2024,10,21
@IMYOURNIGHT1,สวัสดีค่ะ มีพี่ ๆ คนไหน สัมรอบ 2 IA ไหมคะ อยากสอบถามรายละเอียกและการเตรียมหน่อยค่าา #ธรรมศาสตร์ช้างเผือก,2024-10-18 05:30:54,2025-05-08 14:58:27.812905,ธรรมศาสตร์ช้างเผือก,2024-10-18 05:30:54,2024,10,18
@InAraArea,"ทุกวันนี้ยังสะดุ้งตื่นเพราะฝันร้ายอยู่เลย ได้เเต่คิดว่าถ้าเราติดมหาลัยที่ฝัน ได้ทุนให้เเม่สบาย ตอนนี้เราจะมีความสุขเเค่ไหนกัน 
#dek67
#ธรรมศาสตร์ช้างเผือก",2024-05-22 17:56:21,2025-05-08 14:58:27.812905,ธรรมศาสตร์ช้างเผือก,2024-05-22 17:56:21,2024,5,22
@nuttha_PPLE,เพิ่งมีโอกาสเข้าไปที่ที่ทำการพรรค ได้รับของฝากจากน้องๆ #ธรรมศาสตร์ช้างเผือก ปั้นดินเผาเป็นแก้วสัญลักษณ์พรรค #ก้าวไกล มาฝากเรียบร้อย (เคยเห็นขั้นตอนผลิตแว้บๆ ในติ๊กต๊อก) ถือโอกาสนำภาพมาแสดง ส่วนของคุณ @Pita_MFP เข้าใจว่ารับไปแล้วเช่นกัน ขอบคุณทุกๆ กำล้งใจที่มีให้พวกเรามาตลอดครับ,2024-05-12 01:40:55,2025-05-08 14:58:27.812905,ธรรมศาสตร์ช้างเผือก,2024-05-12 01:40:55,2024,5,12
@mankheuthe,เธรด ธรรมศาสตร์ช้างเผือก (รอบ2) อาจจะมีประโยชน์กับน้อง #dek68 #dek69 #ธรรมศาสตร์ช้างเผือก,2024-05-09 15:21:59,2025-05-08 14:58:27.812905,ธรรมศาสตร์ช้างเผือก,2024-05-09 15:21:59,2024,5,9
@rapxnzxlryn,อยากเมคเฟรนด์กับเพื่อนๆ #ธรรมศาสตร์ช้างเผือก ทุกคนเลยอ่า มารู้จักกันเถอะๆ คณะไหนก็มา!,2024-05-06 09:36:26,2025-05-08 14:58:27.812905,ธรรมศาสตร์ช้างเผือก,2025-05-06 09:36:26,2025,5,6
@rapxnzxlryn,"รีวิวการสมัคร สัมภาษณ์โควตาธรรมศาสตร์ช้างเผือก 67 ปล. เค้ายื่นคณะเศรษฐศาสตร์นะคะ
#dek67 #ธรรมศาสตร์ช้างเผือก #ทีมมธ",2024-05-05 13:16:51,2025-05-08 14:58:27.812905,ธรรมศาสตร์ช้างเผือก,2025-05-05 13:16:51,2025,5,5
@nuttha_PPLE,ในฐานะศิษย์เก่า #ธรรมศาสตร์ช้างเผือก หรือ คชมธ.15 ขอแสดงความยินดีกับน้องๆ ทุกคนที่สอบติดโครงการฯ เข้าเรียนใน #ธรรมศาสตร์ ที่แห่งนี้มีใดๆ ให้แสวงหาอย่างมากมาย ขอให้น้องๆ ได้ค้นหาตนเองและออกไปรับใช้สังคมสมดังคำว่า..#ฉันรักธรรมศาสตร์เพราะธรรมศาสตร์สอนให้ฉันรักประชาชน #ก้าวไกล,2024-05-04 03:39:32,2025-05-08 14:58:27.812905,ธรรมศาสตร์ช้างเผือก,2025-05-04 03:39:32,2025,5,4
@Chobmovie,"หารูมเมทคั้บบบ เค้ามีรูมเมท3คนแล้ว(เค้า+เพื่อน2) หาอีกคนให้ห้องเต็มคั้บ คณะไหนก้ได้คัับ
#ธรรมศาสตร์รังสิต #TU #dek67
#ธรรมศาสตร์ช้างเผือก",2024-05-03 06:18:40,2025-05-08 14:58:27.812905,ธรรมศาสตร์ช้างเผือก,2025-05-03 06:18:40,2025,5,3
@z_zayzzzz,ติดเเล้วสมดั่งใจ วิศวะไฟฟ้า มธ. #ธรรมศาสตร์ช้างเผือก,2024-05-02 13:56:02,2025-05-08 14:58:27.812905,ธรรมศาสตร์ช้างเผือก,2025-05-02 13:56:02,2025,5,2
@kaewnampela,ติดแล้วค้าบ  #dek67 #ทีมมธ #ธรรมศาสตร์ช้างเผือก,2024-05-02 04:16:08,2025-05-08 14:58:27.812905,ธรรมศาสตร์ช้างเผือก,2025-05-02 04:16:08,2025,5,2
@Mt93fev,"ศิลปศาสตร์มีกลุ่มมั้ยคะ
#ธรรมศาสตร์ช้างเผือก",2024-05-02 03:52:14,2025-05-08 14:58:27.812905,ธรรมศาสตร์ช้างเผือก,2025-05-02 03:52:14,2025,5,2
@baby12kyung,"ประชาสัมพันธ์ตามหาน้อง ๆ ช้างวิทย์รุ่นที่ 17 น้อง ๆ คนไหนติดคณะวิทยาศาสตร์และเทคโนโลยี โครงการธรรมศาสตร์ช้างเผือก เข้าร่วมกลุ่มมาทำความรู้จักกันเร้ววทุกคน #ช้างเผือกมธ #ช้างเผือกธรรมศาสตร์ #ธรรมศาสตร์ช้างเผือก #ทีมมธ #dek67 
เข้าทั้ง 2 กลุ่มเลย พี่ ๆ อยากรู้จักพวกเธอมั่ยไหวว",2024-05-02 03:25:14,2025-05-08 14:58:27.812905,ธรรมศาสตร์ช้างเผือก,2025-05-02 03:25:14,2025,5,2
@beyournek0,ใครติดศิลปศาสตร์ มาเมคเฟรนกันมั้ยคับ #ธรรมศาสตร์ช้างเผือก,2024-05-02 03:21:39,2025-05-08 14:58:27.812905,ธรรมศาสตร์ช้างเผือก,2025-05-02 03:21:39,2025,5,2
@parewaQT,จะมีประกาศรายชื่อมั้ยหรอคะ #ธรรมศาสตร์ช้างเผือก,2024-05-02 03:11:19,2025-05-08 14:58:27.812905,ธรรมศาสตร์ช้างเผือก,2025-05-02 03:11:19,2025,5,2
@tobeyinwar,"สวัสดีค่าาาา เค้าเป็นคช.มธ.43นะคะ อย่างแรกขอแสดงความยินดีกับเพื่อนใหม่ทุกคนก่อนเบยยย เก่งมากมากกกกกกก ติดแล้วมาเข้าอพชกันคับ มาทำความรุ้จักกาน
#ธรรมศาสตร์ช้างเผือก",2024-05-02 03:10:15,2025-05-08 14:58:27.812905,ธรรมศาสตร์ช้างเผือก,2025-05-02 03:10:15,2025,5,2
@AriyaPeach11,"หาเพื่อนติดคณะวิทยาศาสตร์งับบบ
#ธรรมศาสตร์ช้างเผือก",2024-05-02 02:53:18,2025-05-08 14:58:27.812905,ธรรมศาสตร์ช้างเผือก,2025-05-02 02:53:18,2025,5,2
@rapxnzxlryn,อันนี้เป็นกลุ่มเสดสาดนะคะ เข้ามาเมคเฟรนด์กันด้ายเลยยย #ธรรมศาสตร์ช้างเผือก,2024-05-02 02:48:29,2025-05-08 14:58:27.812905,ธรรมศาสตร์ช้างเผือก,2025-05-02 02:48:29,2025,5,2
@max_zxbymt,"#ธรรมศาสตร์ช้างเผือก
ทำได้แล้วงับบบ",2024-05-02 02:45:06,2025-05-08 14:58:27.812905,ธรรมศาสตร์ช้างเผือก,2025-05-02 02:45:06,2025,5,2
@KeshiRena,รายละเอียดว่าได้ทุนประเภทไหน คือต้องรอประกาศจากมหาลัยใช่มั้ยครับ #ธรรมศาสตร์ช้างเผือก,2024-05-02 02:39:14,2025-05-08 14:58:27.812905,ธรรมศาสตร์ช้างเผือก,2025-05-02 02:39:14,2025,5,2
@wyntxrrr,มหาลัยในฝันได้แค่ในฝันจริงๆ #ธรรมศาสตร์ช้างเผือก,2024-05-02 02:38:18,2025-05-08 14:58:27.812905,ธรรมศาสตร์ช้างเผือก,2025-05-02 02:38:18,2025,5,2
@nch_1611,"คณะและมหาวิทยาลัยในฝันก็อยู่ได้แค่ในฝันจริงๆ
#ธรรมศาสตร์ช้างเผือก",2024-05-02 02:36:51,2025-05-08 14:58:27.812905,ธรรมศาสตร์ช้างเผือก,2025-05-02 02:36:51,2025,5,2
@pintuei,มีใครติดirม้ายยย #ธรรมศาสตร์ช้างเผือก,2024-05-02 02:31:23,2025-05-08 14:58:27.812905,ธรรมศาสตร์ช้างเผือก,2025-05-02 02:31:23,2025,5,2
@InAraArea,มีใครติดนิติมั้ยคะ  #ธรรมศาสตร์ช้างเผือก,2024-05-02 02:31:13,2025-05-08 14:58:27.812905,ธรรมศาสตร์ช้างเผือก,2025-05-02 02:31:13,2025,5,2
@august_3stars,มีใครติดของสามจังหวัดบ้างยังคะ  #ธรรมศาสตร์ช้างเผือก,2024-05-02 02:29:53,2025-05-08 14:58:27.812905,ธรรมศาสตร์ช้างเผือก,2025-05-02 02:29:53,2025,5,2
@idi3dindec,"ใครติดรอบ 2 คณะเศรษฐศาสตร์/เสดสาด เข้ามาโอแพนแชทได้นะคับ เอาไว้ท้อคท้อคสำหรับ dek TU90

https://line.me/ti/g2/5G81k0MJtVgwWcs5Dq0gI91KqEUDUQCmA29iKw?utm_source=invitation&utm_medium=link_copy&utm_campaign=default…

#ธรรมศาสตร์ช้างเผือก #ทีมมธ #dek67 #มธ",2024-05-02 02:20:25,2025-05-08 14:58:27.812905,ธรรมศาสตร์ช้างเผือก,2025-05-02 02:20:25,2025,5,2
@InAraArea,มีใครติดนิติมั้ยคะ #ธรรมศาสตร์ช้างเผือก,2024-05-02 02:16:09,2025-05-08 14:58:27.812905,ธรรมศาสตร์ช้างเผือก,2025-05-02 02:16:09,2025,5,2
@mankheuthe,ทุกคนค่ะเราติดทุนช้างเผือกแล้ว #ธรรมศาสตร์ช้างเผือก #ทีมมธ #dek67,2024-05-02 02:07:19,2025-05-08 14:58:27.812905,ธรรมศาสตร์ช้างเผือก,2025-05-02 02:07:19,2025,5,2
@Mt93fev,"เว็ปมหาลัยประกาศกี่โมงคะทุกคน พอดีเราอยากรู้รายละเอียดทุน
#ธรรมศาสตร์ช้างเผือก",2024-05-02 01:43:40,2025-05-08 14:58:27.812905,ธรรมศาสตร์ช้างเผือก,2025-05-02 01:43:40,2025,5,2
@xmy_0,"ดูตรงไหนคะ
#ธรรมศาสตร์ช้างเผือก",2024-05-02 01:40:11,2025-05-08 14:58:27.812905,ธรรมศาสตร์ช้างเผือก,2025-05-02 01:40:11,2025,5,2
@rapxnzxlryn,Finally โฮร มธรับรักแล้วค้าบ #Dek67 #ธรรมศาสตร์ช้างเผือก,2024-05-02 01:37:57,2025-05-08 14:58:27.812905,ธรรมศาสตร์ช้างเผือก,2025-05-02 01:37:57,2025,5,2
@nearrada,มธ รับรักหนูแล้ววว #ธรรมศาสตร์ช้างเผือก #ทีมมธ #dek67,2024-05-02 01:36:34,2025-05-08 14:58:27.812905,ธรรมศาสตร์ช้างเผือก,2025-05-02 01:36:34,2025,5,2
@canibeyourbibi,เป็นเด็กมธ.แล้วค่า #dek67 #ธรรมศาสตร์ช้างเผือก #TCAS67,2024-05-02 01:30:08,2025-05-08 14:58:27.812905,ธรรมศาสตร์ช้างเผือก,2025-05-02 01:30:08,2025,5,2
@xmy_0,"ประกาศได้ยางงง
#ธรรมศาสตร์ช้างเผือก",2024-05-01 23:55:08,2025-05-08 14:58:27.812905,ธรรมศาสตร์ช้างเผือก,2025-05-01 23:55:08,2025,5,1
@nch_1611,"ขอให้วันนี้เป็นวันของเรา ตื่นเช้ามารับข่าวดีนะคนเก่ง
#ธรรมศาสตร์ช้างเผือก",2024-05-01 17:08:06,2025-05-08 14:58:27.812905,ธรรมศาสตร์ช้างเผือก,2025-05-01 17:08:06,2025,5,1
@Focus547104,ประกาศกี่โมงคะ ลุ้นมากๆ #ธรรมศาสตร์ช้างเผือก,2024-05-01 17:03:44,2025-05-08 14:58:27.812905,ธรรมศาสตร์ช้างเผือก,2025-05-01 17:03:44,2025,5,1
@tulipinwinter,ขอให้พนมีชื่อเราติด1ในนั้น มธจะรับรักนี่ใช่ไหม #ธรรมศาสตร์ช้างเผือก,2024-05-01 15:08:14,2025-05-08 14:58:27.812905,ธรรมศาสตร์ช้างเผือก,2025-05-01 15:08:14,2025,5,1
@wyntxrrr,ตื่นเต้นเหมือนกันนะเอาดี #ธรรมศาสตร์ช้างเผือก,2024-05-01 14:59:24,2025-05-08 14:58:27.812905,ธรรมศาสตร์ช้างเผือก,2025-05-01 14:59:24,2025,5,1
@wilhelm6626,ทีแคสประกาศกี่โมงครับ กลัวๆ เว็บมธประกาศ9 มีแฮกระบบมั้ยครับ ลุ้นๆ #ธรรมศาสตร์ช้างเผือก,2024-05-01 14:55:50,2025-05-08 14:58:27.812905,ธรรมศาสตร์ช้างเผือก,2025-05-01 14:55:50,2025,5,1
@xbonejay,พรุ่งนี้แล้ว ขอให้มีชื่อเราติดได้มั้ยยย #ธรรมศาสตร์ช้างเผือก,2024-05-01 02:52:41,2025-05-08 14:58:27.812905,ธรรมศาสตร์ช้างเผือก,2025-05-01 02:52:41,2025,5,1
@nch_1611,"จะขอเป็นลูกแม่โดมเท่านั้น
#ธรรมศาสตร์ช้างเผือก",2024-04-30 16:56:23,2025-05-08 14:58:27.812905,ธรรมศาสตร์ช้างเผือก,2025-04-30 16:56:23,2025,4,30
·,ประกาศกี่โมงหรอคะ #ธรรมศาสตร์ช้างเผือก,2024-04-30 09:17:59,2025-05-08 14:58:27.812905,ธรรมศาสตร์ช้างเผือก,2025-04-30 09:17:59,2025,4,30
@nearrada,รอคอยอย่างใจจดใจจ่อ มันหายใจติดขัดมันลุ้นมันกลัวจะไม่ติด คือจะเป็นบ้าแล้ววันที่2 พค ได้ยังคะ ขอให้วันนั้นได้กดยืนยันสิทธิ์ด้วยเถ๊อะะ นุรัก มธ ได้โปรดรับรักนุด่วย #ธรรมศาสตร์ช้างเผือก,2024-04-29 17:05:48,2025-05-08 14:58:27.812905,ธรรมศาสตร์ช้างเผือก,2025-04-29 17:05:48,2025,4,29
@nch_1611,"บอกทีว่ามธจะไม่ใจร้ายกับหนูใช่ไหม คนอื่นไม่รับรักไม่เป็นไร แต่มธต้องรับรักหนูนะ เป็นความหวังเดียวของหนูแล้ว ถ้าติดหนูสัญญาจะตั้งใจเรียนให้ดีที่สุดเท่าที่หนูจะทำได้ค่ะ
#ธรรมศาสตร์ช้างเผือก",2024-04-27 18:03:28,2025-05-08 14:58:27.812905,ธรรมศาสตร์ช้างเผือก,2025-04-27 18:03:28,2025,4,27
@llmaap,ถ้าติดหนูสัญญาว่าจะเลี้ยงอาหารหมาจร #ธรรมศาสตร์ช้างเผือก,2024-04-26 12:18:13,2025-05-08 14:58:27.812905,ธรรมศาสตร์ช้างเผือก,2025-04-26 12:18:13,2025,4,26
@spynntss,จริงๆมาลงช้าไปหน่อย เพราะน้องๆสัมกันไปหมดแล้ว รอแค่ประกาศผล แต่อยากจะขอให้กำลังใจทุกๆคนให้ติดคณะที่ใช่ ม.ที่ชอบกันถ้วนหน้า #ธรรมศาสตร์ช้างเผือก,2024-04-18 19:37:46,2025-05-08 14:58:27.812905,ธรรมศาสตร์ช้างเผือก,2025-04-18 19:37:46,2025,4,18
@wyntxrrr,ทางรอดเดียวสุดท้ายของนี่ ได้โปรดวันที่2พค มีชื่อนี่ที #ธรรมศาสตร์ช้างเผือก,2024-04-16 13:30:27,2025-05-08 14:58:27.812905,ธรรมศาสตร์ช้างเผือก,2025-04-16 13:30:27,2025,4,16
@canibeyourbibi,ขอให้สัมผ่าน ㅠㅠ บนวิ่งรอบสนามไปกรุบๆ  #ธรรมศาสตร์ช้างเผือก,2024-04-01 02:37:07,2025-05-08 14:58:27.812905,ธรรมศาสตร์ช้างเผือก,2025-04-01 02:37:07,2025,4,1
@Mt93fev,"ใจจะขาดพอดี อีกตั้งเดือนกว่า ถึงจะประกาศผล ฮือออ
#ธรรมศาสตร์ช้างเผือก",2024-03-27 15:48:57,2025-05-08 14:58:27.812905,ธรรมศาสตร์ช้างเผือก,2025-03-27 15:48:57,2025,3,27
@wyntxrrr,ยังไม่สัมแต่แอบนอยละ กลัวไม่ได้  #ธรรมศาสตร์ช้างเผือก,2024-03-27 02:22:21,2025-05-08 14:58:27.812905,ธรรมศาสตร์ช้างเผือก,2025-03-27 02:22:21,2025,3,27
·,ร้องไห้ละ ถ้าไม่ได้ทุนหรือไม่ติดจะทำไงต่ออ่ะ #ธรรมศาสตร์ช้างเผือก,2024-03-26 07:23:06,2025-05-08 14:58:27.812905,ธรรมศาสตร์ช้างเผือก,2025-03-26 07:23:06,2025,3,26
@xmy_0,"รีวิวหน่อยจิ
 #ธรรมศาสตร์ช้างเผือก",2024-03-26 02:02:22,2025-05-08 14:58:27.812905,ธรรมศาสตร์ช้างเผือก,2025-03-26 02:02:22,2025,3,26
@xbonejay,มีรุ่นพี่คนไหนติดสัมรอบเยี่ยมบ้านมั้ยคะ อยากสอบถาม #ช้างเผือกมธ #ช้างเผือกธรรมศาสตร์ #ธรรมศาสตร์ช้างเผือก #ทีมมธ,2024-03-21 19:31:39,2025-05-08 14:58:27.812905,ธรรมศาสตร์ช้างเผือก,2025-03-21 19:31:39,2025,3,21
·,ใครสัมเกี่ยวกับบ้านเสร็จแล้วบ้างคะะ #ธรรมศาสตร์ช้างเผือก,2024-03-20 02:44:01,2025-05-08 14:58:27.812905,ธรรมศาสตร์ช้างเผือก,2025-03-20 02:44:01,2025,3,20
@pthwanna,มีใครสัมภาษณ์รอบ2แล้วบ้างมั้ยคะ อยากคุยด้วยค่ะ #ธรรมศาสตร์ช้างเผือก,2024-03-15 02:36:21,2025-05-08 14:58:27.812905,ธรรมศาสตร์ช้างเผือก,2025-03-15 02:36:21,2025,3,15
@15febseqt,มีใครพอบอกเงื่อนไขของโควต้ารอบนี้ได้ไหมคะ เราเคยอ่านเจอว่าต้องทำกิจกรรมให้อย่างน้อยสองกิจกรรมต่อเทอมเพื่อต่อทุน แต่เราหาเอกสารนั้นไม่เจอแล้วค่ะ  #ธรรมศาสตร์ช้างเผือก,2024-02-29 09:13:50,2025-05-08 14:58:27.812905,ธรรมศาสตร์ช้างเผือก,2025-02-28 09:13:50,2025,2,28
@614675num,"อะ สำหรับแนวทางคำถาม เพิ่มเติม DM มาครับ เดะตอบให้
#ธรรมศาสตร์ช้างเผือก",2024-02-29 06:19:45,2025-05-08 14:58:27.812905,ธรรมศาสตร์ช้างเผือก,2025-02-28 06:19:45,2025,2,28
@JK_Pandasocute,ติดสัมครั้งนี้ แล้วจะชัวไหมคะว่าจะติดแน่นอน #ธรรมศาสตร์ช้างเผือก,2024-02-29 05:58:17,2025-05-08 14:58:27.812905,ธรรมศาสตร์ช้างเผือก,2025-02-28 05:58:17,2025,2,28
@Focus547104,สาขาเรารับ 6 คน ติดสัมรอบล่าสุด 5 คน จะรับทุกคนไหมคะ เราติด IR ค่ะ #ธรรมศาสตร์ช้างเผือก,2024-02-29 05:29:58,2025-05-08 14:58:27.812905,ธรรมศาสตร์ช้างเผือก,2025-02-28 05:29:58,2025,2,28
@wyntxrrr,ใครผ่านศิลปศาสตร์บ้างคะะะ  #ธรรมศาสตร์ช้างเผือก,2024-02-29 03:38:55,2025-05-08 14:58:27.812905,ธรรมศาสตร์ช้างเผือก,2025-02-28 03:38:55,2025,2,28
@nachom129,มีใครสัมบริหารบ้าง เดมหน่อยๆ #ธรรมศาสตร์ช้างเผือก,2024-02-17 13:49:20,2025-05-08 14:58:27.812905,ธรรมศาสตร์ช้างเผือก,2025-02-17 13:49:20,2025,2,17
@byfarky,เสดสาดสัมกันกี่นาทีหรอคะ เรา9 #ธรรมศาสตร์ช้างเผือก,2024-02-17 13:42:38,2025-05-08 14:58:27.812905,ธรรมศาสตร์ช้างเผือก,2025-02-17 13:42:38,2025,2,17
@mell_melloww,คืออาจารย์ถามคำถามที่หนูไม่ได้เตรียมมาเลย หนูก็เตรียมเชิงวิชาการมา สรุปอาจารย์ถามเกี่ยวกับนายกหนูก็อ๊องเลยสิคะ#ธรรมศาสตร์ช้างเผือก,2024-02-17 12:54:57,2025-05-08 14:58:27.812905,ธรรมศาสตร์ช้างเผือก,2025-02-17 12:54:57,2025,2,17
@rapxnzxlryn,รีวิวสอบสัมภาษณ์เสดสาดวันนี้คือจำลองตัวเองเป็นรัฐบาลฉ่ำ #ธรรมศาสตร์ช้างเผือก,2024-02-17 11:44:19,2025-05-08 14:58:27.812905,ธรรมศาสตร์ช้างเผือก,2025-02-17 11:44:19,2025,2,17
@bblyyds__,"ใครสัม ศิลศาสตร์ เอกอิ้ง เมคเฟรนกันไหมครับ TT
#ธรรมศาสตร์ช้างเผือก",2024-02-17 09:06:09,2025-05-08 14:58:27.812905,ธรรมศาสตร์ช้างเผือก,2025-02-17 09:06:09,2025,2,17
@babyjangk0,ดูจากการสัมภาษณ์แล้ว บอกลา เสดสาด มธ เลยละกันเนอะ #ธรรมศาสตร์ช้างเผือก,2024-02-17 08:49:22,2025-05-08 14:58:27.812905,ธรรมศาสตร์ช้างเผือก,2025-02-17 08:49:22,2025,2,17
@engle_kk,สัมเสดสาดช็อตไปเยอะมากกก #ธรรมศาสตร์ช้างเผือก,2024-02-17 07:43:39,2025-05-08 14:58:27.812905,ธรรมศาสตร์ช้างเผือก,2025-02-17 07:43:39,2025,2,17
@MadE9ers,สัมนิติเป็นไงบ้างคะ #ธรรมศาสตร์ช้างเผือก #ทีมมธ #ช้างเผือกมธ,2024-02-17 06:40:40,2025-05-08 14:58:27.812905,ธรรมศาสตร์ช้างเผือก,2025-02-17 06:40:40,2025,2,17
@f10blu,"รีแอคอาจารย์คือรางมามาก  รางไม่ติด ตอบอะไรไป ขมวดคิ้วฉ่ำ ฉันจบแล้ว ฮ่าฮ่าฮ่า
#ธรรมศาสตร์ช้างเผือก #มธช้างเผือก",2024-02-17 06:35:53,2025-05-08 14:58:27.812905,ธรรมศาสตร์ช้างเผือก,2025-02-17 06:35:53,2025,2,17
@namionomio,อาจารคุยดีมาก อาจารตอบคำถามหนุเยอะกว่าที่หนุตอบอีกค่ะจบเจ๊า #ธรรมศาสตร์ช้างเผือก,2024-02-17 05:54:46,2025-05-08 14:58:27.812905,ธรรมศาสตร์ช้างเผือก,2025-02-17 05:54:46,2025,2,17
@nearrada,มีใครสัม วิศวะเคมี มั้ยคะมาเมคเฟรนกันน #ช้างเผือกมธ #ธรรมศาสตร์ช้างเผือก,2024-02-17 05:48:21,2025-05-08 14:58:27.812905,ธรรมศาสตร์ช้างเผือก,2025-02-17 05:48:21,2025,2,17
@xbonejay,มีใครสัมวิทเคมีมั้ย เป็นไงบ้าง  #ธรรมศาสตร์ช้างเผือก #ช้างเผือกมธ #ช้างเผือกธรรมศาสตร์ #ทีมมธ,2024-02-17 04:49:52,2025-05-08 14:58:27.812905,ธรรมศาสตร์ช้างเผือก,2025-02-17 04:49:52,2025,2,17
·,"จารย์สัมเร็วมาก ไม่กี่นาทีเอง จะติดมั้ย
ใจแป้วมากค่า #ธรรมศาสตร์ช้างเผือก",2024-02-17 03:06:20,2025-05-08 14:58:27.812905,ธรรมศาสตร์ช้างเผือก,2025-02-17 03:06:20,2025,2,17
@wyntxrrr,เขาเริ่มรึยังคะ #ธรรมศาสตร์ช้างเผือก,2024-02-17 01:37:22,2025-05-08 14:58:27.812905,ธรรมศาสตร์ช้างเผือก,2025-02-17 01:37:22,2025,2,17
@hihib3eb,มีพี่คนไหนแนะนำการสัมคณะนิติได้มั้ยบ้างคะ #ธรรมศาสตร์ช้างเผือก #มธ #โครงการช้างเผือก,2024-02-15 07:26:35,2025-05-08 14:58:27.812905,ธรรมศาสตร์ช้างเผือก,2025-02-15 07:26:35,2025,2,15
@wiwwiw_w,"ใครพอจะแนะนำได้ไหมคะคือเราไปขอใบรับรองแพทย์มาแล้วไม่เห็นมีเรื่องสายตาเลยทั้งที่เราก็บอกหมอนะ มันจะใช้ได้ไหมคะหรือต้องขอใหม่
#ธรรมศาสตร์ช้างเผือก",2024-02-14 14:59:32,2025-05-08 14:58:27.812905,ธรรมศาสตร์ช้างเผือก,2025-02-14 14:59:32,2025,2,14
@junyfish813,มีรุ่นพี่คนไหนพอจะแนะนำเกี่ยวกับการสัมภาษณ์ของคณะเศรษฐศาสตร์ได้บ้างมั้ยคะ #ธรรมศาสตร์ช้างเผือก,2024-02-14 12:12:18,2025-05-08 14:58:27.812905,ธรรมศาสตร์ช้างเผือก,2025-02-14 12:12:18,2025,2,14
@selfmekanai,มีพี่ๆ 66 คนไหนติดคณะเศรษฐศาสตร์ โครงการช้างเผือก มธ ไหมครับอยากถามข้อมูลหน่อยครับ #ธรรมศาสตร์ช้างเผือก,2024-02-14 11:14:59,2025-05-08 14:58:27.812905,ธรรมศาสตร์ช้างเผือก,2025-02-14 11:14:59,2025,2,14
@jayzqxx,มีรุ่นพี่คนไหนติดสัมบริหารมั้ยคะ อยากจะปรึกษาเรื่องสัมภาษณ์ #ธรรมศาสตร์ช้างเผือก #ช้างเผือกมธ #ทีมมธ,2024-02-14 10:00:24,2025-05-08 14:58:27.812905,ธรรมศาสตร์ช้างเผือก,2025-02-14 10:00:24,2025,2,14
@llmaap,มีรุ่นพี่คนไหนติดคณะสังคมวิทยาและมานุษยวิทยาไหมคะ อยากปรึกษาเรื่องสัมภาษณ์ #ธรรมศาสตร์ช้างเผือก #ทีมมธ #dek67,2024-02-14 04:27:18,2025-05-08 14:58:27.812905,ธรรมศาสตร์ช้างเผือก,2025-02-14 04:27:18,2025,2,14
@COLMEHART,ติดสัมแล้ว  #ธรรมศาสตร์ช้างเผือก #dek67,2024-02-14 03:31:42,2025-05-08 14:58:27.812905,ธรรมศาสตร์ช้างเผือก,2025-02-14 03:31:42,2025,2,14
@170449p,จำนวนรายชื่อคนที่ติดจะเท่าที่เขากำหนดไว้พอดีเลยมั้ยคะ #ธรรมศาสตร์ช้างเผือก,2024-02-13 23:05:13,2025-05-08 14:58:27.812905,ธรรมศาสตร์ช้างเผือก,2025-02-13 23:05:13,2025,2,13
@Momix31,"ก่อนกดสมัครมีคนลงสมัครคณะศิลปศาสตร์ไปแล้ว100กว่าคน เราจะมีสิทธิ์ไหมคะเนี่ย  

#ธรรมศาสตร์ช้างเผือก",2024-02-13 17:35:11,2025-05-08 14:58:27.812905,ธรรมศาสตร์ช้างเผือก,2025-02-13 17:35:11,2025,2,13
@yellowsmum,ทุนช้างเผือกประกาศกี่โมงคะ #ช้างเผือกมธ #ธรรมศาสตร์ช้างเผือก #ทีมมธ,2024-02-13 10:41:43,2025-05-08 14:58:27.812905,ธรรมศาสตร์ช้างเผือก,2025-02-13 10:41:43,2025,2,13
@phaaaaton,ทุนธรรมศาสตร์ช้างเผือกใช้คะแนน A-levelไหม? #dek67 #ธรรมศาสตร์ช้างเผือก #ช้างเผือกมธ,2024-02-12 16:33:09,2025-05-08 14:58:27.812905,ธรรมศาสตร์ช้างเผือก,2025-02-12 16:33:09,2025,2,12
@llmaap,มีใครยื่นสังวิทไหมคะ #ธรรมศาสตร์ช้างเผือก,2024-02-07 03:19:46,2025-05-08 14:58:27.812905,ธรรมศาสตร์ช้างเผือก,2025-02-07 03:19:46,2025,2,7
@himynameisjinx,มีรุ่นพี่ที่ติดรัฐศาตร์เอกการระหว่างประเทศไหมคะ #ธรรมศาสตร์ช้างเผือก,2024-02-06 08:48:04,2025-05-08 14:58:27.812905,ธรรมศาสตร์ช้างเผือก,2025-02-06 08:48:04,2025,2,6
@Myluvu2,มีพี่ๆคนไหนติดสหเวชมั้ยคะ เราอยากทราบคะแนนคร่าวๆว่าเราพอมีสิทธิ์จะติดมั้ยㅠㅠ #ธรรมศาสตร์ช้างเผือก,2024-01-31 23:48:24,2025-05-08 14:58:27.812905,ธรรมศาสตร์ช้างเผือก,2025-01-31 23:48:24,2025,1,31
@likeaboyfriend,มีใครทราบมั้ยคะว่า​ คะเเนนต่ำสุดที่ติดวารสารปี​ 66​ คือเท่าไรหรอคะ​ #ธรรมศาสตร์ช้างเผือก,2024-01-27 15:59:39,2025-05-08 14:58:27.812905,ธรรมศาสตร์ช้างเผือก,2025-01-27 15:59:39,2025,1,27
@Gummygumya,คือเรายื่นรอบสองแล้วขึ้นแบบนี้อะค่ะ กดดำเนินการต่อแล้วน้องไม่ขยับด้วยทำนังไงดีคะ #ธรรมศาสตร์ #ธรรมศาสตร์ช้างเผือก #dek67,2024-01-16 16:44:26,2025-05-08 14:58:27.812905,ธรรมศาสตร์ช้างเผือก,2025-01-16 16:44:26,2025,1,16
@anchisa_g,ตรงที่ให้ใส่ภาพประกอบในหน้าต่างๆนี่เราต้องปริ้นมาแปะหรือว่าใส่รูปลงไปได้เลยคะ #ธรรมศาสตร์ช้างเผือก,2024-01-16 12:33:59,2025-05-08 14:58:27.812905,ธรรมศาสตร์ช้างเผือก,2025-01-16 12:33:59,2025,1,16
@7jU8OXidmJE0MJh,วาดแผนที่ไปบ้านยังไงหรอครับ ต้องวาดละเอียดขนาดไหนครับ? #ธรรมศาสตร์ช้างเผือก #dek67,2024-01-16 02:33:20,2025-05-08 14:58:27.812905,ธรรมศาสตร์ช้างเผือก,2025-01-16 02:33:20,2025,1,16
@jcrubraknoonoi,"ทุกคนนนอยากรู้ว่า สามารถกรอกในไอแพดได้มั้ย แต่ตรงเป็นความเห็นครูจะเป็นปากกาจะได้มั้ย  #ธรรมศาสตร์ช้างเผือก
#ช้างเผือกมธ #dek67",2024-01-14 11:44:29,2025-05-08 14:58:27.812905,ธรรมศาสตร์ช้างเผือก,2025-01-14 11:44:29,2025,1,14
@babyjangk0,อยากอ่านเรียงความของรุ่นพี่ #ธรรมศาสตร์ช้างเผือก พอมีรุ่นพี่คนไหนสะดวกใจให้ดูเป็นแนวทางไหมคะ,2024-01-13 05:04:21,2025-05-08 14:58:27.812905,ธรรมศาสตร์ช้างเผือก,2025-01-13 05:04:21,2025,1,13
@UU2818,"แอคเราเอง ไปอ่านกั๊นน 
#ธรรมศาสตร์ช้างเผือก
#dek67 https://x.com/614675num/stat/614675num/status/1745807912356991174…",2024-01-12 14:40:06,2025-05-08 14:58:27.812905,ธรรมศาสตร์ช้างเผือก,2025-01-12 14:40:06,2025,1,12
@eduzones,"#ธรรมศาสตร์ช้างเผือก ทุนเรียนฟรี มหาวิทยาลัยธรรมศาสตร์ปีการศึกษา2567

อ่านที่ : https://eduzones.com/2024/01/12/thammasat67/… 

#มธ #TCAS67 #dek67",2024-01-14 09:00:02,2025-05-08 14:58:27.812905,ธรรมศาสตร์ช้างเผือก,2025-01-14 09:00:02,2025,1,14
@MEENSHI2,"ตอนเป็น66 มีรุ่นพี่มาสร้างกลุ่มให้น้องๆเข้าไปพูดคุยกันเรื่องใบสมัคร
ช่วยกันเรื่องสัมภาษณ์ ให้คำปรึกษา 
แล้วรู้สึกว่าอุ่นใจมาก ตอนนี้เลยอยากส่งต่อมาให้ 67 ครับ

เข้าได้ทั้งdek67 และdek66ที่ติดช้างเผือกนะครับ
#ธรรมศาสตร์ช้างเผือก #dek67 #dek66 #dek68",2024-01-14 07:31:53,2025-05-08 14:58:27.812905,ธรรมศาสตร์ช้างเผือก,2025-01-14 07:31:53,2025,1,14
@jxmroll0lip,ถ้ารรดูคนที่คะแนนแกทกว่าเงินเดือนของครอบครัวมันแปลกมั้ยคะ เพราะรรนี้ดูคนที่คะแนนสูงส่วนใหญ่อะค่ะ  #ธรรมศาสตร์ช้างเผือก,2024-01-12 09:04:16,2025-05-08 14:58:27.812905,ธรรมศาสตร์ช้างเผือก,2025-01-12 09:04:16,2025,1,12
Power Saving Mode,ช่วงนี้น้อง ม.6 เริ่ม DM มาถามเรื่องทุนธรรมศาสตร์ช้างเผือกกัน ถึงช่วงสมัครแล้วสินะ พี่ช้างเผือก'31 ยินดีช่วยเป็นที่ปรึกษาเรื่องที่ยังงง และเป็นส่วนนึงในการช่วยส่งต่อโอกาสดีๆให้น้องๆที่ต้องการทุนการศึกษานะคะ #มธช้างเผือก #ธรรมศาสตร์ช้างเผือก #tcas67,2024-01-09 16:19:11,2025-05-08 14:58:27.812905,ธรรมศาสตร์ช้างเผือก,2025-01-09 16:19:11,2025,1,9
@UU2818,"มีใครสนใจพยาบาลโครงการช้างมั้งป๊ะ นอนย อยากตอบบ้าง 555 เดมมาถามได้นะ อิอิ
 #ธรรมศาสตร์ช้างเผือก",2024-01-09 11:08:00,2025-05-08 14:58:27.812905,ธรรมศาสตร์ช้างเผือก,2025-01-09 11:08:00,2025,1,9
·,ส่วนใหญ่คนที่ผ่านโครงการได้ทีแก้ทกันประมานเท่าไหร่หรอคะ #tgat #dek67 #ธรรมศาสตร์ช้างเผือก,2024-01-09 05:26:12,2025-05-08 14:58:27.812905,ธรรมศาสตร์ช้างเผือก,2025-01-09 05:26:12,2025,1,9
@tobeyinwar,"เธรดรีวิวโครงการธรรมศาสตร์ช้างเผือกตั้งแต่ต้นจนจบ เราติดบัญชี-บัญชีค่ะ ถ้าเพื่อนๆหกเจ้ดผ่านมาเห็นแล้วมีข้อสงสัย dmมาถามได้24/7เลยนะคะ เรายินดีตอบมากมากก

#ธรรมศาสตร์ช้างเผือก",2024-01-08 14:13:37,2025-05-08 14:58:27.812905,ธรรมศาสตร์ช้างเผือก,2025-01-08 14:13:37,2025,1,8
@MEENSHI2,"น้องๆที่จะเข้านิติโควตา #ธรรมศาสตร์ช้างเผือก 
ใครมีอะไรอยากถามๆได้เลย จะตอบตามประสบการณ์ที่เจอมาครับ",2024-01-08 09:08:57,2025-05-08 14:58:27.812905,ธรรมศาสตร์ช้างเผือก,2025-01-08 09:08:57,2025,1,8
@Nanaleemarkk,ตามหารุ่นพี่ที่ติดบัญชีหรือบริหาร โครงการช้างเผือกมธหน่อยค่า อยากขอดูเป็นแนวทางค่ะ  #ธรรมศาสตร์ช้างเผือก #dek67  #มธ #บัญชีมธ #บริหารมธ,2024-01-07 08:03:40,2025-05-08 14:58:27.812905,ธรรมศาสตร์ช้างเผือก,2025-01-07 08:03:40,2025,1,7
@nuxxern,ตามหารุ่นพี่ที่ติดโควต้าช้างเผือกคณะศิลปศาสตร์ สาขาภาษาและวัฒนธรรมจีนค่ะ ฮือฮือออ #ธรรมศาสตร์ช้างเผือก,2024-01-06 08:59:55,2025-05-08 14:58:27.812905,ธรรมศาสตร์ช้างเผือก,2025-01-06 08:59:55,2025,1,6
@Nanaleemarkk,สอบถามหน่อยค่า โครงการธรรมศาสตร์ช้างเผือกใช้เกียรติบัตรออนไลน์ได้มั้ยคะ #ธรรมศาสตร์ช้างเผือก #dek67  #มธ,2024-01-05 15:34:49,2025-05-08 14:58:27.812905,ธรรมศาสตร์ช้างเผือก,2025-01-05 15:34:49,2025,1,5
@MEENSHI2,เกณฑ์ออกแล้ว ลุยกันเลย #DEK67 #ธรรมศาสตร์ช้างเผือก,2023-12-01 05:31:41,2025-05-08 14:58:27.812905,ธรรมศาสตร์ช้างเผือก,2024-12-01 05:31:41,2024,12,1
@redrab_it,Tgat ผ่านเกณฑ์คือต้องได้คะแนนเท่าไรคะ #ธรรมศาสตร์ช้างเผือก,2023-11-15 06:34:08,2025-05-08 14:58:27.812905,ธรรมศาสตร์ช้างเผือก,2024-11-15 06:34:08,2024,11,15
@MM171oi,เด็ก67 ใครเตรียมตัวยื่นขอทุน เมคเฟรนกันได้นะะ  #มธ #ธรรมศาสตร์ช้างเผือก #เด็ก67,2023-10-05 12:50:48,2025-05-08 14:58:27.812905,ธรรมศาสตร์ช้างเผือก,2024-10-05 12:50:48,2024,10,5
@_bxmx_,ต้องอยู่หอในทุกคนไหมคะ   #ธรรมศาสตร์ช้างเผือก,2023-06-08 00:08:02,2025-05-08 14:58:27.812905,ธรรมศาสตร์ช้างเผือก,2024-06-08 00:08:02,2024,6,8
@ppeatstrawberry,"เธรดประสบการณ์ยื่น ศิลปกรรมศาสตร์ แฟชั่น #ธรรมศาสตร์ช้างเผือก #dek66 #dek67 #dek68 #มธ
 *แก้บน*",2023-06-02 08:58:10,2025-05-08 14:58:27.812905,ธรรมศาสตร์ช้างเผือก,2024-06-02 08:58:10,2024,6,2
@Fngkkkk59,สวัสดีค่า น้องคณะศิลปศาสตร์ ช้างเผือก66 รบกวนเข้ากลุ่มหน่อยน้า ไว้แจ้งข่าวสารต่างๆทางคณะเราและสอบถามเรื่องที่สงสัยกับพี่ๆได้เลย #ธรรมศาสตร์ช้างเผือก #dek66 #ทีมมธ,2023-05-27 15:11:48,2025-05-08 14:58:27.812905,ธรรมศาสตร์ช้างเผือก,2024-05-27 15:11:48,2024,5,27
@nuttakamonsrit1,"#ธรรมศาสตร์ช้างเผือก #dek66 #ทีมมธ 
สวัสดีน้องๆโครงการธรรมศาสตร์ช้างเผือกปี66ทุกคนนะคะ
พี่ได้สร้างกลุ่มไลน์ไว้สำหรับน้องๆทุกคนแล้วนะ สามารถเข้ากลุ่มได้จากคิวอาร์โค้ดนี้เลย ถ้ามีคำถามหรือข้อสงสัยเราจะร่วมพูดคุยกันในกลุ่มไลน์นี้นะคะ สามารถสอบถามพี่ๆได้จากกลุ่มนี้ค่ะ",2023-05-27 10:59:27,2025-05-08 14:58:27.812905,ธรรมศาสตร์ช้างเผือก,2024-05-27 10:59:27,2024,5,27
@wskuru,คนนี้มายไอดอลเลย ตั้งแต่ 14 ตุลาคนรุ่นใหม่น่าศึกษาคำว่า สุภาพบุรุษประชาธิปไตย คนนี้ใช้ได้เลย ผ่านร้อนผ่านหนาว คุณสมบัติเป็นนายกไทยได้สบาย แต่บ้านเมืองเราก็รู้อยู่ คนดีมีไว้ทำลาย ไม่ก็ไล่ออกนอกประเทศ นับถือคนนี้จากใจคนวัยเดียวกัน #ธรรมศาสตร์ช้างเผือก  #สุภาพบุรุษประชาธิไตย,2023-05-23 06:05:40,2025-05-08 14:58:27.812905,ธรรมศาสตร์ช้างเผือก,2024-05-23 06:05:40,2024,5,23
@ibitkiki,หาเมทหอใน หอC/B ได้หมดเลยค่ะ มีใครหาเมือยู่ไหมคะ #ธรรมศาสตร์ช้างเผือก #หอในมธ #หอมธ #ทีมมธ,2023-05-08 12:15:37,2025-05-08 14:58:27.812905,ธรรมศาสตร์ช้างเผือก,2025-05-08 12:15:37,2025,5,8
@Hoseok_NR,#ธรรมศาสตร์ช้างเผือก #dek66,2023-05-07 06:55:04,2025-05-08 14:58:27.812905,ธรรมศาสตร์ช้างเผือก,2025-05-07 06:55:04,2025,5,7
@emuniqe_,#ศิลปศาสตร์ #ธรรมศาสตร์ช้างเผือก  #ธรรมศาสตร์  #สินสาดมธ  #คลื่นเหงาชาวสินสาด #เอกรวมสินสาด,2023-05-06 15:21:50,2025-05-08 14:58:27.812905,ธรรมศาสตร์ช้างเผือก,2025-05-06 15:21:50,2025,5,6
@MEENSHI2,"หารูมเมทหอ M ครับ (ทุกคณะ)

#ธรรมศาสตร์ช้างเผือก 
#ธรรมศาสตร์89",2023-05-05 13:00:47,2025-05-08 14:58:27.812905,ธรรมศาสตร์ช้างเผือก,2025-05-05 13:00:47,2025,5,5
@MEENSHI2,"จากใจคนที่ผ่านการคัดเลือกสามครั้งในเวลา 5 เดือนนับตั้งแต่เขียนใบสมัคร และโดนอาจารย์สัมภาษณ์เหน็บแรงช่วงสัมฯรอบสุดท้าย
ยอมรับว่านาฬิกาชีวิตรวนมาก ทั้งเครียด ทั้งนอนไม่หลับ
 จนกระทั่งเมื่อวานเหมือนยกภูเขาออกจากอก เมื่อรู้ว่าผ่านแล้ว
#ธรรมศาสตร์ช้างเผือก",2023-05-05 01:51:39,2025-05-08 14:58:27.812905,ธรรมศาสตร์ช้างเผือก,2025-05-05 01:51:39,2025,5,5
@prxewx_04,หาเพื่อนเมคเฟรนด์ค่าาา คณะอื่นๆก็ได้นะคะๆๆๆ ส่วนตัวเค้าสนใจสาขาจิตวิทยาค่ะ #ธรรมศาสตร์ช้างเผือก #ธรรมศาสตร์ #dek66 #มธ,2023-05-04 15:14:15,2025-05-08 14:58:27.812905,ธรรมศาสตร์ช้างเผือก,2025-05-04 15:14:15,2025,5,4
@Yaniizaaaaa,"สำเร็จแล้วนะคะทุกคน วันนี้ได้กลายเป็นลูกแม่โดม เด็กสังเคราะห์ โครงการธรรมศาสตร์ช้างเผือกตัวจริงค่ะ!!!
#ธรรมศาสตร์ #ธรรมศาสตร์ช้างเผือก #DEK66",2023-05-04 13:14:10,2025-05-08 14:58:27.812905,ธรรมศาสตร์ช้างเผือก,2025-05-04 13:14:10,2025,5,4
@1234sharkget,หาเพื่อนเมคงับ อยากคุยเรื่องหอมากกกก #ธรรมศาสตร์ช้างเผือก,2023-05-04 11:48:26,2025-05-08 14:58:27.812905,ธรรมศาสตร์ช้างเผือก,2025-05-04 11:48:26,2025,5,4
@piangocean,"หาเพื่อนสังคมสงเคราะห์ค่ะ หรือคณะอื่นก็ได้ มารจกันคั้บ 
#ทีมมธ #ธรรมศาสตร์ช้างเผือก",2023-05-04 07:55:03,2025-05-08 14:58:27.812905,ธรรมศาสตร์ช้างเผือก,2025-05-04 07:55:03,2025,5,4
@balabalahooh,พยาบาลงับมาเมคเฟรนกัน คณะอื่นก็ได้น้าาา #ธรรมศาสตร์ช้างเผือก,2023-05-04 07:48:55,2025-05-08 14:58:27.812905,ธรรมศาสตร์ช้างเผือก,2025-05-04 07:48:55,2025,5,4
@VidyaTu,"เพื่อนใหม่ชาววิดยา สามารถเข้ามาร่วมพูดคุยทำความรู้จักกันได้ ติดตามข่าวสารประชาสัมพันธ์ต่างๆ ทาง line open chat ตามลิงก์ด้านล่าง หรือสแกน QR code ได้เลย 

http://line.me/ti/g2/qxG_-Vl2…

#ทีมมธ #วิทยามธ  #dek66 #TU89 #thammasat #เด็กกิจติดมธ #TUVC #ธรรมศาสตร์ช้างเผือก",2023-05-04 06:26:45,2025-05-08 14:58:27.812905,ธรรมศาสตร์ช้างเผือก,2025-05-04 06:26:45,2025,5,4
@saobaanyang,"ยินดีกับน้อง66ที่ผ่านโครงการด้วยน้าา 
แล้วก็ยินดีต้อนรับสู่ครอบครัวคชมธ. อิอิ

#ธรรมศาสตร์ช้างเผือก #dek66 #ทีมมธ",2023-05-04 06:18:56,2025-05-08 14:58:27.812905,ธรรมศาสตร์ช้างเผือก,2025-05-04 06:18:56,2025,5,4
@Saifon2309_44,"น้องคนไหนที่ผ่านการคัดเลือกเข้าศึกษารอบโครงการธรรมศาสตร์ช้างเผือกปีการศึกษา 2566  รบกวนเข้ากลุ่มไลน์นี้ โดยกลุ่มไลน์นี้พี่ๆคณะกรรมการเป็นผู้สร้างขึ้นมาเพื่อนติดตามน้องๆ และตอบข้อสงสัยๆให้กับน้องที่มีข้อสงสัยนะคะ 
 #ธรรมศาสตร์ช้างเผือก​ #มธช้างเผือก
#โครงการธรรมศาสตร์ช้างเผือก2566",2023-05-04 05:48:28,2025-05-08 14:58:27.812905,ธรรมศาสตร์ช้างเผือก,2025-05-04 05:48:28,2025,5,4
@ppeatstrawberry,สินกำเมคเฟรนคั้บ #ธรรมศาสตร์ช้างเผือก,2023-05-04 03:19:19,2025-05-08 14:58:27.812905,ธรรมศาสตร์ช้างเผือก,2025-05-04 03:19:19,2025,5,4
@jm_seen,ฟิรมากกกก คุ้มมากที่พยายาม ขอบคุณทุกคนที่คอยเป็นกำลังใจให้นะคะ ขอบคุณตัวเองด้วยที่มาถึงจุดนี้ได้ ฮื่อ น้องๆคนไหนอยากสอบถามอะไรเกี่ยวกับโครงการนี้ dm มาได้เลยนะคะ  #ธรรมศาสตร์ช้างเผือก #dek66 #TCAS66 #ทีมมธ,2023-05-04 02:44:03,2025-05-08 14:58:27.812905,ธรรมศาสตร์ช้างเผือก,2025-05-04 02:44:03,2025,5,4
@SwiftKe_Flo,บอกเลยเสียใจมากทั้งๆที่พยายามมาหลายเดือนแต่ไม่ติด แต่ก็ต้องเดินหน้าต่อไป ดีใจกับคนที่ติดนะ เราไม่ติดค่ะ #ธรรมศาสตร์ช้างเผือก,2023-05-04 02:38:43,2025-05-08 14:58:27.812905,ธรรมศาสตร์ช้างเผือก,2025-05-04 02:38:43,2025,5,4
@cfdaisukidesu,ติดแล้วค่า เย่ #ธรรมศาสตร์ช้างเผือก,2023-05-04 02:35:09,2025-05-08 14:58:27.812905,ธรรมศาสตร์ช้างเผือก,2025-05-04 02:35:09,2025,5,4
@bbettersweett,ดีใจกับทุกคนที่สมควรที่จะได้ทุนจริงๆด้วยนะคะ ส่วนที่ทำผิดกติกาละได้แถมอาจจะได้ทุนเต็มก็ ค่ะ ถ้าดีใจก็ยินดีด้วยค่ะ  #ธรรมศาสตร์ช้างเผือก,2023-05-04 02:34:28,2025-05-08 14:58:27.812905,ธรรมศาสตร์ช้างเผือก,2025-05-04 02:34:28,2025,5,4
@KkungbooK,ทำไมมันเสียใจจังวะ5555555 #ธรรมศาสตร์ช้างเผือก,2023-05-04 02:19:59,2025-05-08 14:58:27.812905,ธรรมศาสตร์ช้างเผือก,2025-05-04 02:19:59,2025,5,4
@ppeatstrawberry,แจก 100 รีอย่างเดวคั้บ  #ธรรมศาสตร์ช้างเผือก,2023-05-04 02:09:05,2025-05-08 14:58:27.812905,ธรรมศาสตร์ช้างเผือก,2025-05-04 02:09:05,2025,5,4
@jubi9804,war is overแล้วนะ #ธรรมศาสตร์ช้างเผือก,2023-05-04 02:06:17,2025-05-08 14:58:27.812905,ธรรมศาสตร์ช้างเผือก,2025-05-04 02:06:17,2025,5,4
@yaamaayukabkung,ทุนบางส่วนนี่รายละเอียดยังไงหรอคะ  #ธรรมศาสตร์ช้างเผือก,2023-05-04 01:58:15,2025-05-08 14:58:27.812905,ธรรมศาสตร์ช้างเผือก,2025-05-04 01:58:15,2025,5,4
@Noeyyoungjae,ไม่ทราบว่า my tcas เปิดให้ยืนยันสิทธิ์กี่โมงหรอคะ #ธรรมศาสตร์ช้างเผือก,2023-05-04 01:49:51,2025-05-08 14:58:27.812905,ธรรมศาสตร์ช้างเผือก,2025-05-04 01:49:51,2025,5,4
@bearpbear,555555555อยู่ภายในใจเป็นหมื่นล้านคำเฟลว่ะ แล้วหนูต้องไปไหนต่อ #ธรรมศาสตร์ช้างเผือก,2023-05-04 01:28:20,2025-05-08 14:58:27.812905,ธรรมศาสตร์ช้างเผือก,2025-05-04 01:28:20,2025,5,4
@muster813,หนูก็รักธรรมศาสตร์ค่ะ อยากเห็นหนูเต้นคิ้กอิทจริงๆสินะคะ   #ธรรมศาสตร์ช้างเผือก,2023-05-04 01:28:07,2025-05-08 14:58:27.812905,ธรรมศาสตร์ช้างเผือก,2025-05-04 01:28:07,2025,5,4
·,ประกาศแล้วค่ะ  #ธรรมศาสตร์ช้างเผือก,2023-05-04 01:07:38,2025-05-08 14:58:27.812905,ธรรมศาสตร์ช้างเผือก,2025-05-04 01:07:38,2025,5,4
@bnior_w,คืออันนี้ประกาศจริงๆแล้วหรอคะ #ธรรมศาสตร์ช้างเผือก,2023-05-04 01:05:58,2025-05-08 14:58:27.812905,ธรรมศาสตร์ช้างเผือก,2025-05-04 01:05:58,2025,5,4
@piangocean,ผลมาแล้วค่ะ เว็บมหาลัย #ธรรมศาสตร์ช้างเผือก,2023-05-04 01:05:56,2025-05-08 14:58:27.812905,ธรรมศาสตร์ช้างเผือก,2025-05-04 01:05:56,2025,5,4
@knkwrr08103496,ในระบบ tcassเริ่มยืนยันสิทธิ์กี่โมงคะ พร้อมที่เว็บมหาลัยประกาศรึป่าว #ธรรมศาสตร์ช้างเผือก,2023-05-03 23:51:01,2025-05-08 14:58:27.812905,ธรรมศาสตร์ช้างเผือก,2025-05-03 23:51:01,2025,5,3
@mew_pennapa,"God bless me !!!!
ขอเถิดน้าาาาา รับรักหนูทีงงงง #ธรรมศาสตร์ช้างเผือก",2023-05-03 14:33:46,2025-05-08 14:58:27.812905,ธรรมศาสตร์ช้างเผือก,2025-05-03 14:33:46,2025,5,3
@piangocean,"ขอให้พรุ่งนี้เป็นวันของเราสักที
 #ธรรมศาสตร์ช้างเผือก",2023-05-03 13:58:33,2025-05-08 14:58:27.812905,ธรรมศาสตร์ช้างเผือก,2025-05-03 13:58:33,2025,5,3
@KkungbooK,ใจดีกับหนูด้วยนะคะ สู้จนมาถึงตอนนี้แล้ว pls #ธรรมศาสตร์ช้างเผือก,2023-05-03 11:47:33,2025-05-08 14:58:27.812905,ธรรมศาสตร์ช้างเผือก,2025-05-03 11:47:33,2025,5,3
@qlcrnw,พน.ขอให้เป็นไปได้ด้วยดี ขอให้เราและทุกคนสมหวังนะคะ   #ธรรมศาสตร์ช้างเผือก,2023-05-03 10:00:42,2025-05-08 14:58:27.812905,ธรรมศาสตร์ช้างเผือก,2025-05-03 10:00:42,2025,5,3
@oggyglue,ฮรื่ออ หนูเเบบรอพี่มาเกือบจะ5เดือนเเน้ว ให้หนูติดเถอะค่ะ  #ธรรมศาสตร์ช้างเผือก,2023-05-01 04:02:25,2025-05-08 14:58:27.812905,ธรรมศาสตร์ช้างเผือก,2025-05-01 04:02:25,2025,5,1
@piangocean,"ขอให้ทุกการรอคุ้มค่า 
#ธรรมศาสตร์ช้างเผือก",2023-04-29 03:05:49,2025-05-08 14:58:27.812905,ธรรมศาสตร์ช้างเผือก,2025-04-29 03:05:49,2025,4,29
@UU2818,"เป็นมหาลัยสุดท้ายที่ประกาศ ขอให้เป็นเด็กมธ.ด้วยเถอะะ
#ธรรมศาสตร์ช้างเผือก",2023-04-25 15:05:46,2025-05-08 14:58:27.812905,ธรรมศาสตร์ช้างเผือก,2025-04-25 15:05:46,2025,4,25
@Yaniizaaaaa,"วันที่4พฤษภาคมนี้ ชั้นจะต้องเป็นเด็กช้างให้ได้! เด็กสังคมสงเคราะห์ มธ. โครงการธรรมศาสตร์ช้างเผือก ต้อง มี ชั้น!!!!
#ธรรมศาสตร์ช้างเผือก #ธรรมศาสตร์ #dek66",2023-04-22 12:33:23,2025-05-08 14:58:27.812905,ธรรมศาสตร์ช้างเผือก,2025-04-22 12:33:23,2025,4,22
@MEENSHI2,เรานึกถึงเธอทุกวันเลยนะ  #ธรรมศาสตร์ช้างเผือก,2023-04-19 19:51:44,2025-05-08 14:58:27.812905,ธรรมศาสตร์ช้างเผือก,2025-04-19 19:51:44,2025,4,19
@UU2818,"ตอนนี้มหาลัยเริ่มประกาศคนติดรอบ2 แล้ว เราหวังกับแกมากนะ 555
#ธรรมศาสตร์ช้างเผือก",2023-04-18 11:07:51,2025-05-08 14:58:27.812905,ธรรมศาสตร์ช้างเผือก,2025-04-18 11:07:51,2025,4,18
@prae_papawadee,"รีวิวสำรวจบ้าน #ธรรมศาสตร์ช้างเผือก 
-แนะนำตัว
-ถามอาชีพของพ่อแม่ ผู้ออกค่าใช้จ่าย
-ถามเรื่องโรคประจำตัว
-ค่าใช้จ่าย
-รายได้หลัก เสริม
-ที่บ้านมีใครบ้าง
-สามารถออกค่าใช้จ่ายให้เท่าไหร่",2023-03-29 03:21:17,2025-05-08 14:58:27.812905,ธรรมศาสตร์ช้างเผือก,2025-03-29 03:21:17,2025,3,29
@itscooltobeme1,"รีวิวสัมภาษณ์วันนี้
-ถ้าไม่ติดทำยังไง? มีเงินสำรองไว้กี่บาท
-ถามเรื่องหนี้ กู้ไปทำไร กับใคร จ่ายเดือนละเท่าไหร่ 
-ถามค่าเทอมเรา
-ถ้าไปเรียนมหาลัย ครอบครัวสามารถช่วยได้เท่าไหร่
-มีเเพลนจะทำงานพิเศษมั้ย วางเเพลนไว้ยังไง
-มีค่าใช้จ่ายอะไรอีกมั้ยที่ต้องรับผิดชอบ
#ธรรมศาสตร์ช้างเผือก",2023-03-27 09:37:00,2025-05-08 14:58:27.812905,ธรรมศาสตร์ช้างเผือก,2025-03-27 09:37:00,2025,3,27
@perzalack,ใส่ชุดอะไรได้บ้างครับ? #ธรรมศาสตร์ช้างเผือก,2023-03-21 08:43:35,2025-05-08 14:58:27.812905,ธรรมศาสตร์ช้างเผือก,2025-03-21 08:43:35,2025,3,21
@julieiija,รีวิวจากคนสัมเมื่อกี้ กรรมการถามว่าที่บ้านมีใครบ้าง คนในครอบครัวประกอบอาชีพอะไรเงินเดือนเท่าไหร่ มีหนี้สินอะไรบ้าง เดือนนึงใช้จ่ายเท่าไหร่ ไปโรงเรียนยังไง ส่วนใหญ่จะถามจากใบที่เราเคยกรอกตอนสมัครคับที่เหลือก็พาทัวร์บ้านห้องนอนห้องน้ำห้องครัวอะไรงี้ #ธรรมศาสตร์ช้างเผือก,2023-03-17 02:02:00,2025-05-08 14:58:27.812905,ธรรมศาสตร์ช้างเผือก,2025-03-17 02:02:00,2025,3,17
@iryuhakul,"รีวิวสัมรอบสำรวจบ้าน #ธรรมศาสตร์ช้างเผือก
-ให้แนะนำตัวกับครอบครัว
-ถามเงินเก็บของเรา
-ถามหนี้สิน
-ถามการเตรียมตัวว่าเรียนพิเศษไหม หรืออ่านเอง
-ถามเรื่องพี่น้อง",2023-03-15 05:00:43,2025-05-08 14:58:27.812905,ธรรมศาสตร์ช้างเผือก,2025-03-15 05:00:43,2025,3,15
@jeongjayvalen,"มีใครสัมวันนี้ไปแล้วบ้างคะ รีวิวหน่อยค้าบ
 #ธรรมศาสตร์ช้างเผือก",2023-03-14 08:52:49,2025-05-08 14:58:27.812905,ธรรมศาสตร์ช้างเผือก,2025-03-14 08:52:49,2025,3,14
@bwbwbwbw08,ขอสอบถามได้ไหมคะ ที่ประกาศคือคนที่ติดแล้วใช่ไหมคะได้เรียนต่อในมหาลัยแล้วหรอคะ #ธรรมศาสตร์ช้างเผือก,2023-03-11 09:14:55,2025-05-08 14:58:27.812905,ธรรมศาสตร์ช้างเผือก,2025-03-11 09:14:55,2025,3,11
@oggyglue,คือเราสงสัยอ่ะค่ะ เเบบว่าจำนวนทุนกับจำนวนคณะที่เค้าบอกว่ารับไม่เกินจำนวนนี้ๆ จำนวนทุนมันดูน้อยกว่ามากๆ เเสดงว่าคัดออกทุกปีหรอคะ เเบบว่ายังไงก็ต้องมีคนออกหรอคะ วอนผู้รู้ทีค่ะ แอบกังวลคับ  #ธรรมศาสตร์ช้างเผือก,2023-03-11 01:29:55,2025-05-08 14:58:27.812905,ธรรมศาสตร์ช้างเผือก,2025-03-11 01:29:55,2025,3,11
@oggyglue,สอบถามหน่อยค่ะ เเบบว่า #ธรรมศาสตร์ช้างเผือก เนี่ยเค้ารับคนตามจำนวนที่ขึ้นไว้มั้ยคะ เเล้วถ้ามีการคัดออก เกณฑ์การคัดออกคือยังไงหรอคะ,2023-03-10 10:49:46,2025-05-08 14:58:27.812905,ธรรมศาสตร์ช้างเผือก,2025-03-10 10:49:46,2025,3,10
@we__sry,ผ่านสัมแล้วครับพี่น้อง #ธรรมศาสตร์ช้างเผือก #ธรรมศาสตร์,2023-03-09 11:38:53,2025-05-08 14:58:27.812905,ธรรมศาสตร์ช้างเผือก,2025-03-09 11:38:53,2025,3,9
@upankooDpai,นี่ก็เพิ่งรู้ว่าเขาประกาศผลสัมกันวันนี้ แต่ผ่านแล้วค้าบบบบ #ธรรมศาสตร์ช้างเผือก,2023-03-09 09:11:28,2025-05-08 14:58:27.812905,ธรรมศาสตร์ช้างเผือก,2025-03-09 09:11:28,2025,3,9
@4v3vpUKYmr4HZ3q,#ธีรรัตน์สําเร็จวาณิชย์ #เศรษฐาทวีสิน #ธรรมศาสตร์ช้างเผือก #โค้กไม่มีน้ําตาล,2023-03-09 05:17:55,2025-05-08 14:58:27.812905,ธรรมศาสตร์ช้างเผือก,2025-03-09 05:17:55,2025,3,9
@JMESsoneaw_6446,ทำไมปีนี้ถึงสัมภาษณ์2รอบอ่า หรือเป็นปกติ #ธรรมศาสตร์ช้างเผือก,2023-03-09 03:57:26,2025-05-08 14:58:27.812905,ธรรมศาสตร์ช้างเผือก,2025-03-09 03:57:26,2025,3,9
·,ครั้งหนึ่งเคยเป็น #ธรรมศาสตร์ช้างเผือก,2023-03-09 03:18:52,2025-05-08 14:58:27.812905,ธรรมศาสตร์ช้างเผือก,2025-03-09 03:18:52,2025,3,9
@hjfdchkoool,ชั้นกรี๊ดๆๆๆๆ หื้อออออ ขอบคุณTUที่ให้โอกาสเด็กตาดำๆนะคะ #ธรรมศาสตร์ช้างเผือก,2023-03-09 02:51:55,2025-05-08 14:58:27.812905,ธรรมศาสตร์ช้างเผือก,2025-03-09 02:51:55,2025,3,9
@srld_kf,ถึงจะเหลืออีกรอบ เราก็จะสู้ มีชื่อติดก็ดีใจมากๆแล้ว #ธรรมศาสตร์ช้างเผือก,2023-03-09 02:50:11,2025-05-08 14:58:27.812905,ธรรมศาสตร์ช้างเผือก,2025-03-09 02:50:11,2025,3,9
@chalOtterevi,"เราผ่านสัมแล้วนะคับบ ถึงจะเหลืออีกรอบนึงเราก็ดีใจมากกก
ขอให้วันนี้เป็นวันที่ดีของทุกคน
#ธรรมศาสตร์ช้างเผือก",2023-03-09 02:21:35,2025-05-08 14:58:27.812905,ธรรมศาสตร์ช้างเผือก,2025-03-09 02:21:35,2025,3,9
@MEENSHI2,": ไทยจะรุ่งเรืองก็เพราะการเมืองดี
ตั้งมั่นใว้..ตลอดเส้นทางกฎหมายหลังจากนี้
จะสร้างประโยชน์ให้กับประชาชนเป็นที่หนึ่ง
และขอบคุณใบเบิกทางจากธรรมศาสตร์แห่งนี้ #ธรรมศาสตร์ช้างเผือก",2023-03-09 02:15:30,2025-05-08 14:58:27.812905,ธรรมศาสตร์ช้างเผือก,2025-03-09 02:15:30,2025,3,9
@tobeyinwar,"ของคณะอื่นๆผู้ผ่านสัมมีจำนวนเท่าจำนวนรับจริงรึป่าวคะ
#ธรรมศาสตร์ช้างเผือก",2023-03-09 02:14:43,2025-05-08 14:58:27.812905,ธรรมศาสตร์ช้างเผือก,2025-03-09 02:14:43,2025,3,9
@ImcutePerson,ไม่ติด555555 เห้อ รอบ3 #ธรรมศาสตร์ช้างเผือก,2023-03-09 02:12:07,2025-05-08 14:58:27.812905,ธรรมศาสตร์ช้างเผือก,2025-03-09 02:12:07,2025,3,9
@jm_seen,"จะร้องไห้แบบจริงๆๆๆๆ ตอนนี้เค้าติดแล้วนะคะ เหลือสัมอีกรอบนึง สาวสินสาดมาแน่  ละเมื่อคืนร้องหนักมากกลัวไม่ติด5555555555
#ธรรมศาสตร์ช้างเผือก",2023-03-09 02:10:51,2025-05-08 14:58:27.812905,ธรรมศาสตร์ช้างเผือก,2025-03-09 02:10:51,2025,3,9
@bearpbear,Tu เรียกตัวหนูแล้วจ๊าบบบ สัมอีกรอบ สู้ #ธรรมศาสตร์ช้างเผือก,2023-03-09 02:08:52,2025-05-08 14:58:27.812905,ธรรมศาสตร์ช้างเผือก,2025-03-09 02:08:52,2025,3,9
@gift_dont,ไปต่อค้าบบบ เหลือสัมภาษณ์อีกรอบ สู้ ๆ นะ #ธรรมศาสตร์ช้างเผือก,2023-03-09 02:05:44,2025-05-08 14:58:27.812905,ธรรมศาสตร์ช้างเผือก,2025-03-09 02:05:44,2025,3,9
@KkungbooK,อมกกกกกกก.ชั้นติดดดดดดด#ธรรมศาสตร์ช้างเผือก,2023-03-09 02:04:37,2025-05-08 14:58:27.812905,ธรรมศาสตร์ช้างเผือก,2025-03-09 02:04:37,2025,3,9
@sky260847,"ติดเเล้วทค.ฮรือออ เหลืออีก1รอบ
#ธรรมศาสตร์ช้างเผือก",2023-03-09 02:03:25,2025-05-08 14:58:27.812905,ธรรมศาสตร์ช้างเผือก,2025-03-09 02:03:25,2025,3,9
@SwiftKe_Flo,ติดแล้วววว มีความสุข happy happy #ธรรมศาสตร์ช้างเผือก,2023-03-09 01:56:47,2025-05-08 14:58:27.812905,ธรรมศาสตร์ช้างเผือก,2025-03-09 01:56:47,2025,3,9
@beyoolee,ฮือ ไปต่อรอบ3ค่า เส้ามากก #ธรรมศาสตร์ช้างเผือก,2023-03-09 01:55:04,2025-05-08 14:58:27.812905,ธรรมศาสตร์ช้างเผือก,2025-03-09 01:55:04,2025,3,9
@ptws21,กรี๊ดมากก็ขอให้ได้ยืนยันสิทธิ์วันที่4#ธรรมศาสตร์ช้างเผือก,2023-03-09 01:43:36,2025-05-08 14:58:27.812905,ธรรมศาสตร์ช้างเผือก,2025-03-09 01:43:36,2025,3,9
@ImcutePerson,อันนี้ดูตรงไหนหรอคะ #ธรรมศาสตร์ช้างเผือก,2023-03-09 01:42:01,2025-05-08 14:58:27.812905,ธรรมศาสตร์ช้างเผือก,2025-03-09 01:42:01,2025,3,9
@bungbang07,ไม่ได้ไปต่อฮะ #ทีมมธ #ธรรมศาสตร์ช้างเผือก,2023-03-09 01:24:12,2025-05-08 14:58:27.812905,ธรรมศาสตร์ช้างเผือก,2025-03-09 01:24:12,2025,3,9
@pengrapad,"ประกาศยาง
#ธรรมศาสตร์ช้างเผือก",2023-03-09 01:03:14,2025-05-08 14:58:27.812905,ธรรมศาสตร์ช้างเผือก,2025-03-09 01:03:14,2025,3,9
@SwiftKe_Flo,ตื่นเต้นนนนนนน  #ธรรมศาสตร์ช้างเผือก,2023-03-09 00:53:03,2025-05-08 14:58:27.812905,ธรรมศาสตร์ช้างเผือก,2025-03-09 00:53:03,2025,3,9
@sweetie_horo,พรุ่งนี้ประกาศคนที่ผ่านสัม #ธรรมศาสตร์ช้างเผือก แล้ววว ดังนั้นถือโอกาสบนค่ะ ถ้าเราติดจะเปิดดูดวงฟรี 9 คน คนละ 1 คำถาม !! เฉพาะคนที่รี+ฟอลเท่านั้นน้า !! รีโลดดด เพราะช้านต้องติดแน่ๆอิอิ #dek66 #ดูดวง #ดูดวงฟรี,2023-03-08 19:35:48,2025-05-08 14:58:27.812905,ธรรมศาสตร์ช้างเผือก,2025-03-08 19:35:48,2025,3,8
@KkungbooK,มธใจดีกับหนูด้วยนะคะ#ธรรมศาสตร์ช้างเผือก,2023-03-08 15:05:27,2025-05-08 14:58:27.812905,ธรรมศาสตร์ช้างเผือก,2025-03-08 15:05:27,2025,3,8
@hjfdchkoool,ขอให้พรุ่งนี้เป็นวันที่ดีของทุกคนนะคะ #ธรรมศาสตร์ช้างเผือก,2023-03-08 14:34:17,2025-05-08 14:58:27.812905,ธรรมศาสตร์ช้างเผือก,2025-03-08 14:34:17,2025,3,8
@SigmaXXXY,"ติดเท่านั้น 
ติดเท่านั้น
ติดเท่านั้น 
ติดเท่านั้น
ติดเท่านั้น 
ติดเท่านั้น

#ธรรมศาสตร์ช้างเผือก",2023-03-08 13:56:53,2025-05-08 14:58:27.812905,ธรรมศาสตร์ช้างเผือก,2025-03-08 13:56:53,2025,3,8
@MEENSHI2,"ถ้าติดพรุ่งนี้ ก็ขอให้ติดเป็นตัวจริงในวันยืนยันบนเว็บด้วยเถอะ 
#ธรรมศาสตร์ช้างเผือก",2023-03-08 13:36:19,2025-05-08 14:58:27.812905,ธรรมศาสตร์ช้างเผือก,2025-03-08 13:36:19,2025,3,8
@gujayumhuamung,ตามนี้นะคะทุกคนน #ธรรมศาสตร์ช้างเผือก,2023-03-06 16:41:33,2025-05-08 14:58:27.812905,ธรรมศาสตร์ช้างเผือก,2025-03-06 16:41:33,2025,3,6
@ImcutePerson,เรายังหวังได้อยู่ มั้ยนะ555ไปดูดวงมาแม่หมอบอกว่าไม่ติด ร้องไห้ไปก่อนเลยละกัน #ธรรมศาสตร์ช้างเผือก,2023-03-06 09:51:10,2025-05-08 14:58:27.812905,ธรรมศาสตร์ช้างเผือก,2025-03-06 09:51:10,2025,3,6
@bungbang07,นี่ขนาดไม่หวังแล้วนะ ยังตื่นเต้นอยู่เลยย แต่ว่าเราสัมไม่ดีเลย เลยไม่มั่นใจ #ธรรมศาสตร์ช้างเผือก,2023-03-04 13:08:27,2025-05-08 14:58:27.812905,ธรรมศาสตร์ช้างเผือก,2025-03-04 13:08:27,2025,3,4
@ImcutePerson,9มีนานี่ผ่านการสัมภาษณ์แล้วคนที่ผ่านนี่คือติดแล้ว แล้วลงพื้นที่อันนี้คือคัดเลือกง่าจะได้ทุนเต็มหรือทุนบางส่วนมั้ยคะหรือว่ายังไม่ติดเอ๊ะหรือยังไง #ธรรมศาสตร์ช้างเผือก,2023-03-01 00:41:31,2025-05-08 14:58:27.812905,ธรรมศาสตร์ช้างเผือก,2025-03-01 00:41:31,2025,3,1
@taraararar,ใครไม่มูฟออนนน ส่องทุกวันวันนน #ธรรมศาสตร์ช้างเผือก,2023-02-27 07:41:10,2025-05-08 14:58:27.812905,ธรรมศาสตร์ช้างเผือก,2025-02-27 07:41:10,2025,2,27
@beyoolee,9มีนานี่สรุปติดเลยมุ้ย #ธรรมศาสตร์ช้างเผือก,2023-02-25 03:25:31,2025-05-08 14:58:27.812905,ธรรมศาสตร์ช้างเผือก,2025-02-25 03:25:31,2025,2,25
@jubi9804,ประกาศ9 มีนานี่คือคนที่ติดแล้วเลยมั้ยคะ หรือต้องรอหลังจากเขาลงพื้นที่ก่อน #ธรรมศาสตร์ช้างเผือก,2023-02-21 03:39:37,2025-05-08 14:58:27.812905,ธรรมศาสตร์ช้างเผือก,2025-02-21 03:39:37,2025,2,21
@jm_seen,รีวิวสัมค่า อันนี้เรายื่นคณะศิลปศาสตร์ เอกภาษาศาสตร์นะคะ #dek66 #ธรรมศาสตร์ช้างเผือก #ทีมมธ,2023-02-18 18:31:04,2025-05-08 14:58:27.812905,ธรรมศาสตร์ช้างเผือก,2025-02-18 18:31:04,2025,2,18
@chalOtterevi,อยากรวมคำถามพีคๆ ให้รุ่นน้องได้มาอ่านเตรียมตัวสัมจังเลยค่ะเดี๋ยวเราเปิดก่อน  :ด้วยคะแนนแบบนี้ไปรอบสามก็น่าจะโอเคเลยนะคะ นักเรียนมายื่นรอบนี้คิดว่าเป็นการตัดโอกาสคนอื่นไหมคะ?#ธรรมศาสตร์ช้างเผือก,2023-02-18 15:17:50,2025-05-08 14:58:27.812905,ธรรมศาสตร์ช้างเผือก,2025-02-18 15:17:50,2025,2,18
@chalOtterevi,ใครโดนบอกว่าไปรอบสามก็ได้มารวมกันตรงนี้นะคะ //บีบมือ จ๊านนรร อยากเข้ารอบนี้อ่า  เลือกหนูได้ไหม นักศึกษาคนใหม่ของคณะ #ธรรมศาสตร์ช้างเผือก,2023-02-18 15:11:20,2025-05-08 14:58:27.812905,ธรรมศาสตร์ช้างเผือก,2025-02-18 15:11:20,2025,2,18
@myjake2002,มีใครช็อตไมค์จนอาจารย์เปลี่ยนคำถามไหมค #ธรรมศาสตร์ช้างเผือก,2023-02-18 11:50:42,2025-05-08 14:58:27.812905,ธรรมศาสตร์ช้างเผือก,2025-02-18 11:50:42,2025,2,18
@sweetie_horo,รีวิวสัมของบัญชี ถามแต่เรื่องทั่วไปแบบ80%เลย เหมือนคุยไปเรื่อยฟีลจอยๆ แต่ทุกคำถามวัดทัศนคติทั้งหมด แล้วเป็นคำตอบที่ชั้นตอบไปก็มองได้สองมุมไง จะรอดหรือร่วงมาดูกัน#ธรรมศาสตร์ช้างเผือก,2023-02-18 11:00:55,2025-05-08 14:58:27.812905,ธรรมศาสตร์ช้างเผือก,2025-02-18 11:00:55,2025,2,18
@nmwithbmbm,"I told พระพิฆเนศ and พระแม่ลักษมี about
#ธรรมศาสตร์ช้างเผือก",2023-02-18 10:34:41,2025-05-08 14:58:27.812905,ธรรมศาสตร์ช้างเผือก,2025-02-18 10:34:41,2025,2,18
@Layatida0,"บ่มีไรจะพูดนอกจาก ตุ้บไหมอ้าย
#ธรรมศาสตร์ช้างเผือก",2023-02-18 09:21:25,2025-05-08 14:58:27.812905,ธรรมศาสตร์ช้างเผือก,2025-02-18 09:21:25,2025,2,18
@MEENSHI2,มารีวิวสัมภาษณ์คณะนิติศาสตร์กัน #ธรรมศาสตร์ช้างเผือก,2023-02-18 07:13:51,2025-05-08 14:58:27.812905,ธรรมศาสตร์ช้างเผือก,2025-02-18 07:13:51,2025,2,18
@perzalack,อาจารย์ทิ้งท้ายด้วยการอวยพร+เรียกชื่อจริงเราด้วย คือยังไงงงงง! #ธรรมศาสตร์ช้างเผือก,2023-02-18 06:10:43,2025-05-08 14:58:27.812905,ธรรมศาสตร์ช้างเผือก,2025-02-18 06:10:43,2025,2,18
@myjake2002,"รีวิวนะคะ เราสมัคร ศิลปศาสตร์ เอก ภาษาอังกฤษ
เปิดมาถามเป็นภาษาอังกฤษ เลยว่า ทำไมอยากเรียนธรรมศาสตร์ เหมือนจะถามภาษาอังกฤษว่าทำไมอยากเรียนธรรมศาสตร์อยู่สามรอบ เปลี่ยนคำถามแต่แนวเดิมค่ะ เช่น ถามว่า ที่อื่นก็มีทำไมอยากเข้าที่นี่ เรียนภาษาอังกฤษผ่าน ยูทูป ต่อ  #ธรรมศาสตร์ช้างเผือก",2023-02-18 05:24:51,2025-05-08 14:58:27.812905,ธรรมศาสตร์ช้างเผือก,2025-02-18 05:24:51,2025,2,18
@sky260847,"สัมภาษณ์คนอื่น 20 นาที ของเราเเค่10นาทีกว่าๆ จะมีโอกาสติดมั้ยย
ฮรือออออ #ธรรมศาสตร์ช้างเผือก",2023-02-18 05:23:58,2025-05-08 14:58:27.812905,ธรรมศาสตร์ช้างเผือก,2025-02-18 05:23:58,2025,2,18
@_solilyn,มีใครสัมบริหารบ้างมั้ยคับบ  #ธรรมศาสตร์ช้างเผือก,2023-02-18 05:17:52,2025-05-08 14:58:27.812905,ธรรมศาสตร์ช้างเผือก,2025-02-18 05:17:52,2025,2,18
@beyoolee,กรรมการสัมบอกหวังว่าจะเจอกันคือเราหวังไปแล้วนะฮือออ #ธรรมศาสตร์ช้างเผือก,2023-02-18 05:13:35,2025-05-08 14:58:27.812905,ธรรมศาสตร์ช้างเผือก,2025-02-18 05:13:35,2025,2,18
@iryuhakul,#ธรรมศาสตร์ช้างเผือก,2023-02-18 05:02:13,2025-05-08 14:58:27.812905,ธรรมศาสตร์ช้างเผือก,2025-02-18 05:02:13,2025,2,18
@myjake2002,ตุ้บแน่จ้า ปากสั่น #ธรรมศาสตร์ช้างเผือก,2023-02-18 04:55:03,2025-05-08 14:58:27.812905,ธรรมศาสตร์ช้างเผือก,2025-02-18 04:55:03,2025,2,18
@shd410__,ใครบอกผมว่าถามแต่เรื่องที่บ้าน นี่โดนแต่โยงเข้าคณะอย่างเดียวเลย ไม่ได้เตรียมตัวเลออ ตายแน่ #ธรรมศาสตร์ช้างเผือก,2023-02-18 04:14:16,2025-05-08 14:58:27.812905,ธรรมศาสตร์ช้างเผือก,2025-02-18 04:14:16,2025,2,18
@putrakkkkkkkk_,#ธรรมศาสตร์ช้างเผือก กูช๊อตไมค์แบบโคตรช๊อตตน ล่กไปหมด สังคมสงเคราะห์=ขิต,2023-02-18 04:00:06,2025-05-08 14:58:27.812905,ธรรมศาสตร์ช้างเผือก,2025-02-18 04:00:06,2025,2,18
@ceeleejuju,รีวิวสั้นๆค่ะ เจอกันรอบ3 #ธรรมศาสตร์ช้างเผือก,2023-02-18 03:52:04,2025-05-08 14:58:27.812905,ธรรมศาสตร์ช้างเผือก,2025-02-18 03:52:04,2025,2,18
@nanoonjs,"เราช็อตไมค์สมองโล่งละจุดนั้น
#ธรรมศาสตร์ช้างเผือก",2023-02-18 03:42:20,2025-05-08 14:58:27.812905,ธรรมศาสตร์ช้างเผือก,2025-02-18 03:42:20,2025,2,18
@KkungbooK,ไปรอบ3ก็ได้ค่ะอาจารย์#ธรรมศาสตร์ช้างเผือก,2023-02-18 03:37:26,2025-05-08 14:58:27.812905,ธรรมศาสตร์ช้างเผือก,2025-02-18 03:37:26,2025,2,18
@lyndxzq,วิทย์อาหาร ตึงมากค่ะ  #ธรรมศาสตร์ช้างเผือก,2023-02-18 03:37:09,2025-05-08 14:58:27.812905,ธรรมศาสตร์ช้างเผือก,2025-02-18 03:37:09,2025,2,18
·,รีวิวสัมนิติ มธ คือถามกฎหมายแบบ100%คับทุกคน ตึงมาก จะบอกว่าที่เรียนมาอะลืมหมดละ แงงง ร้องไห้ ไม่ได้ก็ไม่เอาแล้ว #ธรรมศาสตร์ช้างเผือก,2023-02-18 03:32:55,2025-05-08 14:58:27.812905,ธรรมศาสตร์ช้างเผือก,2025-02-18 03:32:55,2025,2,18
@hisadturday,นิติสัมตึงมาก ไม่เห็นจะขอดูบ้านเลย  #ธรรมศาสตร์ช้างเผือก,2023-02-18 03:16:01,2025-05-08 14:58:27.812905,ธรรมศาสตร์ช้างเผือก,2025-02-18 03:16:01,2025,2,18
@bloodtyb,สอบถามเพื่อนๆที่ติดสัมช้างเผือกมธ คณะสังคมสงเคราะห์ค่ะ กรรมการถามเสร็จแล้วเขาขอดูบ้านมั้ยคะ #ทีมมธ #ธรรมศาสตร์ช้างเผือก,2023-02-18 03:08:58,2025-05-08 14:58:27.812905,ธรรมศาสตร์ช้างเผือก,2025-02-18 03:08:58,2025,2,18
@Craft_Inwza007,รัดสาดตึงมาก #ธรรมศาสตร์ช้างเผือก,2023-02-18 03:05:40,2025-05-08 14:58:27.812905,ธรรมศาสตร์ช้างเผือก,2025-02-18 03:05:40,2025,2,18
@ImcutePerson,ใครรอบสัมฯ รัฐศาสตร์  สาขาบริหารรัฐกิจบ้างคะ ฮืออ #ธรรมศาสตร์ช้างเผือก,2023-02-18 02:49:06,2025-05-08 14:58:27.812905,ธรรมศาสตร์ช้างเผือก,2025-02-18 02:49:06,2025,2,18
@kukuromijang2,รีวิวสัมภาษณ์ทีคับ เราว่าเราได้ไปต่อรอบ 3  #ธรรมศาสตร์ช้างเผือก #ช้างเผือกมธ #ทีมมธ,2023-02-18 02:37:52,2025-05-08 14:58:27.812905,ธรรมศาสตร์ช้างเผือก,2025-02-18 02:37:52,2025,2,18
